Date,SOURCE-SITE,microbox-gist-1,microbox-um-1,microbox-chula-1,microbox-ucsy-1,microbox-ucsm-1,microbox-itb-1,microbox-monash-1,microbox-ptit-1
3/26/2019,Visibility-Center,0.00,0.74,63.99,74.26,83.58,86.67,19.80,54.54
3/28/2019,Visibility-Center,0.00,0.74,62.04,73.93,83.56,86.98,19.80,83.80
3/29/2019,Visibility-Center,0.25,74.30,58.49,73.93,83.55,86.78,42.27,42.49
3/29/2019,Visibility-Center,0.32,74.30,57.16,74.38,83.54,86.78,42.27,50.46
4/2/2019,Visibility-Center,0.29,74.30,136.50,59.50,150.50,53.19,41.46,86.58
4/2/2019,Visibility-Center,0.29,74.30,136.50,59.50,150.50,57.76,41.49,86.58
4/2/2019,Visibility-Center,0.29,74.30,136.50,59.50,150.50,60.40,42.27,86.58
4/2/2019,Visibility-Center,0.31,74.30,136.67,54.95,147.67,63.62,42.37,87.93
4/2/2019,Visibility-Center,0.31,74.30,136.67,55.63,147.67,71.10,42.91,87.93
4/2/2019,Visibility-Center,0.31,74.30,136.67,59.50,147.67,71.63,43.03,87.93
4/2/2019,Visibility-Center,0.31,74.30,136.67,59.50,147.67,72.13,44.67,87.93
4/2/2019,Visibility-Center,0.31,74.30,136.67,59.50,147.67,73.30,44.84,87.93
4/2/2019,Visibility-Center,0.34,74.30,137.00,59.94,148.00,73.79,45.15,88.10
4/2/2019,Visibility-Center,0.34,74.30,137.00,60.12,148.00,73.99,45.74,88.10
4/2/2019,Visibility-Center,0.34,74.30,137.00,60.13,148.00,74.18,47.19,88.10
4/2/2019,Visibility-Center,0.34,74.30,137.00,60.84,148.00,74.18,47.47,88.10
4/2/2019,Visibility-Center,0.34,74.30,137.00,61.07,148.00,74.18,47.60,88.10
4/2/2019,Visibility-Center,0.34,74.30,137.00,61.44,148.00,0.83,48.33,88.10
4/3/2019,Visibility-Center,0.24,74.27,141.57,238.04,161.54,51.86,37.88,82.79
4/3/2019,Visibility-Center,0.29,74.28,138.49,249.44,158.48,52.13,37.91,82.82
4/4/2019,Visibility-Center,0.24,74.27,142.48,259.17,136.02,47.47,19.80,82.37
4/4/2019,Visibility-Center,0.29,74.29,138.49,263.08,144.26,50.67,35.63,82.38
4/12/2019,Visibility-Center,0.27,74.28,149.44,313.31,144.19,45.55,19.80,82.07
4/12/2019,Visibility-Center,0.21,74.29,151.02,305.90,142.31,50.69,37.24,82.65
4/15/2019,Visibility-Center,0.27,73.20,153.19,365.24,163.97,96.35,19.80,81.88
4/15/2019,Visibility-Center,0.23,74.29,155.26,355.82,160.63,96.32,19.80,81.96
4/16/2019,Visibility-Center,0.23,74.34,152.91,355.08,152.99,174.17,19.80,82.12
4/16/2019,Visibility-Center,0.28,74.37,150.15,365.04,151.10,174.12,19.80,82.13
4/25/2019,Visibility-Center,0.29,74.27,146.47,348.12,128.28,175.82,39.15,83.11
4/25/2019,Visibility-Center,0.24,74.32,150.08,340.75,125.90,170.89,40.06,83.23
4/27/2019,Visibility-Center,0.28,74.23,147.82,355.03,147.21,170.63,40.35,85.95
4/27/2019,Visibility-Center,0.23,74.24,149.08,350.53,147.53,164.89,41.43,86.05
4/29/2019,Visibility-Center,0.23,73.77,149.31,64.96,160.36,172.15,35.76,82.48
4/29/2019,Visibility-Center,0.27,73.73,146.69,68.55,170.03,172.15,36.48,82.53
4/30/2019,Visibility-Center,0.28,73.72,147.45,109.58,138.59,176.20,0.76,74.52
4/30/2019,Visibility-Center,0.28,73.72,147.45,109.58,138.59,176.20,16.98,74.52
4/30/2019,Visibility-Center,0.28,73.72,147.45,109.58,138.59,176.20,18.71,74.52
4/30/2019,Visibility-Center,0.28,73.72,147.45,109.58,138.59,176.20,19.80,74.52
4/30/2019,Visibility-Center,0.23,73.77,150.80,111.33,139.93,173.85,19.80,74.60
4/30/2019,Visibility-Center,0.23,73.77,150.80,111.33,139.93,173.85,19.80,74.60
4/30/2019,Visibility-Center,0.23,73.77,150.80,111.33,139.93,173.85,19.80,74.60
4/30/2019,Visibility-Center,0.23,73.77,150.80,111.33,139.93,173.85,19.80,74.60
5/1/2019,Visibility-Center,0.27,73.71,148.81,139.15,83.06,84.98,75.66,23.44
5/1/2019,Visibility-Center,0.27,73.71,148.81,139.15,83.06,83.90,75.70,23.44
5/1/2019,Visibility-Center,0.24,73.78,151.53,138.22,83.06,84.91,75.57,25.45
5/1/2019,Visibility-Center,0.24,73.78,151.53,138.22,83.06,85.54,218.57,25.45
5/2/2019,Visibility-Center,0.28,73.87,149.23,130.69,83.05,84.88,75.68,26.96
5/2/2019,Visibility-Center,0.23,73.82,151.44,125.83,83.03,45.55,40.35,30.43
5/2/2019,Visibility-Center,0.23,73.82,151.44,125.83,83.02,85.75,78.88,30.53
5/3/2019,Visibility-Center,0.28,73.80,148.99,132.56,83.06,84.95,75.58,25.67
5/3/2019,Visibility-Center,0.28,73.80,148.99,132.56,83.06,85.55,78.83,25.67
5/3/2019,Visibility-Center,0.28,73.80,148.99,132.56,83.05,85.57,78.85,26.96
5/3/2019,Visibility-Center,0.23,73.89,151.25,129.65,83.03,84.77,75.47,29.31
5/3/2019,Visibility-Center,0.23,73.89,151.25,129.65,83.04,85.58,78.88,29.31
5/3/2019,Visibility-Center,0.23,73.89,151.25,129.65,83.03,85.68,78.79,30.43
5/4/2019,Visibility-Center,0.28,73.73,148.65,165.68,83.38,86.78,40.35,51.97
5/4/2019,Visibility-Center,0.28,73.73,148.65,165.68,83.37,86.78,40.35,52.63
5/4/2019,Visibility-Center,0.23,73.44,151.14,167.05,83.42,86.62,41.43,52.97
5/4/2019,Visibility-Center,0.23,73.44,151.14,167.05,83.39,87.31,41.43,55.76
5/5/2019,Visibility-Center,0.28,73.77,153.38,165.81,83.38,86.67,40.35,50.97
5/5/2019,Visibility-Center,0.28,73.77,153.38,165.81,83.38,86.98,40.35,51.47
5/5/2019,Visibility-Center,0.23,74.02,155.15,159.68,83.29,85.82,40.06,58.41
5/5/2019,Visibility-Center,0.23,74.02,155.15,159.68,83.29,77.02,39.15,60.37
5/6/2019,Visibility-Center,0.28,73.79,163.57,172.96,83.51,85.89,41.49,50.97
5/6/2019,Visibility-Center,0.23,73.82,166.88,169.88,83.47,90.24,41.46,51.97
5/6/2019,Visibility-Center,0.23,73.82,166.88,169.88,83.45,86.92,41.46,52.63
5/6/2019,Visibility-Center,0.28,73.79,163.57,172.96,83.52,85.75,41.49,83.80
5/7/2019,Visibility-Center,0.22,73.85,166.46,140.43,83.08,84.90,75.66,23.40
5/7/2019,Visibility-Center,0.22,73.85,166.46,140.43,83.07,83.13,241.17,23.40
5/7/2019,Visibility-Center,0.29,73.75,161.75,135.09,83.06,85.02,75.68,25.50
5/7/2019,Visibility-Center,0.29,73.75,161.75,135.09,83.06,85.55,78.81,25.50
5/8/2019,Visibility-Center,0.23,73.88,164.18,152.35,83.13,19.80,19.80,21.82
5/8/2019,Visibility-Center,0.23,73.88,164.18,152.35,83.13,19.80,19.80,21.85
5/8/2019,Visibility-Center,0.23,73.88,164.18,152.35,83.13,85.03,75.66,21.85
5/8/2019,Visibility-Center,0.23,73.88,164.18,152.35,83.10,19.80,19.80,22.10
5/8/2019,Visibility-Center,0.23,73.88,164.18,152.35,83.11,85.02,75.62,22.10
5/8/2019,Visibility-Center,0.23,73.88,164.18,152.35,83.10,53.19,48.33,22.34
5/8/2019,Visibility-Center,0.23,73.88,164.18,152.35,83.09,85.19,75.53,22.34
5/8/2019,Visibility-Center,0.29,73.77,164.42,154.20,83.18,88.06,37.91,40.49
5/8/2019,Visibility-Center,0.29,73.77,164.42,154.20,83.24,85.57,37.91,40.49
5/8/2019,Visibility-Center,0.23,73.88,164.18,152.35,83.14,85.81,37.24,48.42
5/8/2019,Visibility-Center,0.29,73.77,164.42,154.20,83.14,85.55,37.88,59.39
5/8/2019,Visibility-Center,0.29,73.77,164.42,154.20,83.16,85.55,37.88,59.39
5/8/2019,Visibility-Center,0.29,73.77,164.42,154.20,83.24,77.02,39.15,61.61
5/8/2019,Visibility-Center,0.29,73.77,164.42,154.20,83.24,85.57,39.15,68.26
5/8/2019,Visibility-Center,0.29,73.77,164.42,154.20,83.17,88.06,37.91,73.15
5/8/2019,Visibility-Center,0.29,73.77,164.42,154.20,83.17,85.55,37.88,245.55
5/9/2019,Visibility-Center,0.28,73.76,164.02,122.80,83.02,85.24,75.65,30.53
5/9/2019,Visibility-Center,0.23,73.81,165.40,121.03,82.98,47.47,42.91,31.53
5/9/2019,Visibility-Center,0.28,73.76,164.02,122.80,83.01,85.79,78.79,31.53
5/9/2019,Visibility-Center,0.23,73.81,165.40,121.03,82.98,85.81,78.81,31.81
5/10/2019,Visibility-Center,0.23,73.80,162.35,150.84,83.09,85.63,75.08,22.98
5/10/2019,Visibility-Center,0.27,73.75,162.64,149.20,83.09,77.02,78.86,22.98
5/11/2019,Visibility-Center,0.23,73.81,162.44,166.44,83.39,86.68,41.43,58.41
5/12/2019,Visibility-Center,0.23,73.80,163.47,169.92,83.48,88.00,41.46,51.47
5/13/2019,Visibility-Center,0.23,73.79,163.33,162.38,83.32,87.16,40.06,52.97
5/13/2019,Visibility-Center,0.28,73.76,163.31,161.85,83.32,85.82,40.06,55.76
5/15/2019,Visibility-Center,0.30,73.79,165.03,175.41,83.53,87.16,42.27,54.54
5/15/2019,Visibility-Center,0.26,73.80,165.61,174.19,83.53,85.58,41.49,62.72
5/16/2019,Visibility-Center,0.25,73.93,163.42,167.53,87.47,85.55,37.24,55.25
5/17/2019,Visibility-Center,0.31,74.40,164.76,151.53,82.75,19.80,57.69,87.93
5/17/2019,Visibility-Center,0.26,74.49,163.75,153.52,82.76,19.80,58.33,87.93
5/18/2019,Visibility-Center,0.26,74.36,164.36,155.63,83.05,175.82,39.15,83.11
5/18/2019,Visibility-Center,0.30,74.27,163.49,159.78,82.86,19.80,59.04,87.93
5/21/2019,Visibility-Center,0.30,74.19,166.19,203.75,86.58,85.81,36.48,48.42
5/21/2019,Visibility-Center,0.30,74.19,166.19,203.75,86.58,85.94,36.48,54.15
5/21/2019,Visibility-Center,0.30,74.19,166.19,203.75,86.58,85.90,36.48,55.25
5/21/2019,Visibility-Center,0.25,74.25,164.15,209.21,86.37,85.90,35.76,66.86
5/21/2019,Visibility-Center,0.25,74.25,164.15,209.21,86.37,88.41,35.76,93.67
5/21/2019,Visibility-Center,0.25,74.25,164.15,209.21,86.37,88.41,35.76,93.67
5/22/2019,Visibility-Center,0.31,73.53,164.85,130.56,83.75,86.13,19.80,50.96
5/22/2019,Visibility-Center,0.25,74.14,164.69,128.39,84.16,85.86,19.80,55.02
5/23/2019,Visibility-Center,0.30,74.01,163.37,117.80,83.51,86.58,19.80,53.99
5/23/2019,Visibility-Center,0.26,74.07,163.37,116.20,82.89,63.62,42.37,87.93
5/24/2019,Visibility-Center,0.25,73.39,165.05,150.41,83.06,19.80,52.39,82.65
5/24/2019,Visibility-Center,0.30,74.05,165.65,149.14,82.81,19.80,57.12,87.93
5/25/2019,Visibility-Center,0.31,74.10,165.39,131.55,81.87,73.79,45.15,88.10
5/25/2019,Visibility-Center,0.30,74.20,166.38,140.28,82.48,74.18,47.47,88.10
5/26/2019,Visibility-Center,0.27,74.13,165.47,147.88,19.80,47.47,19.80,82.37
5/26/2019,Visibility-Center,0.31,74.10,164.88,152.39,83.03,19.80,53.93,83.23
5/27/2019,Visibility-Center,0.31,71.52,165.28,106.51,82.94,73.30,44.84,87.93
5/27/2019,Visibility-Center,0.25,71.56,166.74,108.13,81.77,19.80,0.00,88.10
5/28/2019,Visibility-Center,0.25,74.21,166.76,153.15,83.06,50.69,37.24,82.65
5/28/2019,Visibility-Center,0.30,74.19,164.07,154.60,82.90,71.10,42.91,87.93
5/29/2019,Visibility-Center,0.25,74.16,166.78,161.85,82.98,19.80,54.25,86.05
5/29/2019,Visibility-Center,0.30,74.10,163.53,163.92,82.93,72.13,44.67,87.93
5/30/2019,Visibility-Center,0.26,74.17,163.05,155.76,83.13,96.32,19.80,81.96
5/30/2019,Visibility-Center,0.30,74.10,164.74,156.77,83.08,19.80,50.63,82.38
5/31/2019,Visibility-Center,0.25,74.13,166.08,157.08,83.11,174.17,19.80,82.12
5/31/2019,Visibility-Center,0.30,74.09,163.30,155.41,83.06,172.15,36.48,82.53
6/1/2019,Visibility-Center,0.25,74.14,166.71,106.39,95.54,85.94,37.24,54.15
6/1/2019,Visibility-Center,0.30,74.08,163.93,107.82,80.40,84.00,75.65,110.00
6/2/2019,Visibility-Center,0.25,74.45,164.94,136.10,118.42,86.78,78.10,59.78
6/2/2019,Visibility-Center,0.30,74.46,160.40,132.93,117.51,83.10,76.23,59.92
6/5/2019,Visibility-Center,0.24,74.15,134.22,161.49,83.32,86.83,19.80,57.88
6/5/2019,Visibility-Center,0.30,74.09,155.99,166.74,83.29,86.68,19.80,60.44
6/6/2019,Visibility-Center,0.30,74.11,158.37,129.47,83.63,86.13,19.80,53.99
6/6/2019,Visibility-Center,0.24,74.14,156.19,127.64,83.47,86.76,19.80,66.55
6/7/2019,Visibility-Center,0.24,74.17,162.01,163.10,83.24,86.68,19.80,56.17
6/7/2019,Visibility-Center,0.30,74.17,165.12,167.20,83.29,86.83,19.80,63.14
6/8/2019,Visibility-Center,0.24,74.12,163.09,197.52,82.56,74.18,47.60,88.10
6/8/2019,Visibility-Center,0.31,74.10,166.49,164.00,82.64,0.83,48.33,88.10
6/9/2019,Visibility-Center,0.31,73.62,163.74,159.78,78.01,174.50,75.65,116.25
6/9/2019,Visibility-Center,0.24,74.13,163.67,161.53,77.99,83.90,75.07,135.91
6/10/2019,Visibility-Center,0.30,74.16,164.17,155.25,83.02,170.63,40.35,85.95
6/10/2019,Visibility-Center,0.24,74.19,164.80,150.52,83.01,164.89,41.43,86.05
6/11/2019,Visibility-Center,0.30,74.11,166.11,150.60,83.02,19.80,54.03,85.95
6/11/2019,Visibility-Center,0.24,74.14,164.29,149.22,82.98,60.40,42.27,86.58
6/12/2019,Visibility-Center,0.30,74.14,165.76,142.18,81.30,0.83,0.76,88.10
6/12/2019,Visibility-Center,0.24,74.13,166.78,147.49,81.23,83.10,74.99,93.67
6/13/2019,Visibility-Center,0.29,75.71,164.49,150.44,83.14,85.26,75.59,77.25
6/13/2019,Visibility-Center,0.24,75.91,166.47,149.81,83.10,19.80,48.74,82.13
6/14/2019,Visibility-Center,0.24,74.54,164.91,156.51,83.17,84.13,75.13,76.30
6/14/2019,Visibility-Center,0.29,74.13,165.38,156.72,83.09,50.67,35.63,82.38
6/15/2019,Visibility-Center,0.24,64.35,164.09,146.58,83.37,86.76,19.80,57.88
6/15/2019,Visibility-Center,0.30,64.33,164.12,142.23,83.13,45.55,19.80,82.07
6/16/2019,Visibility-Center,0.26,40.15,162.90,160.97,81.44,18.81,16.98,88.10
6/16/2019,Visibility-Center,0.31,40.14,163.08,162.60,81.51,19.80,59.76,88.10
6/17/2019,Visibility-Center,0.30,74.11,147.76,162.19,83.24,86.73,19.80,56.17
6/17/2019,Visibility-Center,0.25,74.36,149.84,158.09,83.05,19.80,52.84,82.82
6/18/2019,Visibility-Center,0.25,74.09,151.89,158.35,83.10,174.12,19.80,82.13
6/18/2019,Visibility-Center,0.30,74.08,151.18,155.81,83.03,170.89,40.06,83.23
6/19/2019,Visibility-Center,0.25,74.20,134.67,157.99,83.04,19.80,53.02,83.11
6/19/2019,Visibility-Center,0.31,74.08,132.74,157.83,82.97,57.76,41.49,86.58
6/20/2019,Visibility-Center,0.28,158.34,151.14,157.16,83.07,172.15,35.76,82.48
6/20/2019,Visibility-Center,0.36,132.28,150.89,155.08,83.06,19.80,51.92,82.53
6/21/2019,Visibility-Center,0.37,102.02,154.78,152.79,82.96,53.19,41.46,86.58
6/21/2019,Visibility-Center,0.32,104.40,152.70,149.10,82.94,19.80,54.35,86.58
6/22/2019,Visibility-Center,0.37,74.25,150.13,131.13,83.18,233.60,75.66,74.83
6/22/2019,Visibility-Center,0.32,74.24,153.02,132.14,83.14,83.37,241.14,78.57
6/23/2019,Visibility-Center,0.28,74.19,149.86,74.47,83.65,87.31,19.80,42.49
6/23/2019,Visibility-Center,0.32,74.18,150.24,74.20,83.75,86.62,19.80,135.91
6/24/2019,Visibility-Center,0.31,74.17,149.28,141.19,83.06,19.80,52.70,82.79
6/24/2019,Visibility-Center,0.25,74.19,149.88,136.06,83.06,52.13,37.91,82.82
6/25/2019,Visibility-Center,0.25,74.18,150.63,146.38,83.03,84.06,75.06,83.80
6/25/2019,Visibility-Center,0.31,74.36,151.44,155.81,82.95,19.80,55.62,86.58
6/26/2019,Visibility-Center,0.31,74.17,148.33,153.83,83.16,221.63,75.68,77.07
6/26/2019,Visibility-Center,0.24,74.18,148.45,152.14,81.87,73.99,45.74,88.10
6/27/2019,Visibility-Center,0.31,73.88,146.22,152.14,82.96,19.80,55.96,86.58
6/27/2019,Visibility-Center,0.25,73.87,147.77,149.39,82.88,19.80,59.13,87.93
6/28/2019,Visibility-Center,0.31,74.18,147.23,155.12,81.79,19.80,0.00,88.10
6/28/2019,Visibility-Center,0.25,74.20,147.85,157.92,81.82,20.70,18.71,88.10
6/29/2019,Visibility-Center,0.31,74.17,143.39,151.27,83.17,85.20,75.63,76.40
6/29/2019,Visibility-Center,0.25,74.17,146.26,147.31,83.06,51.86,37.88,82.79
6/30/2019,Visibility-Center,0.26,73.15,147.17,159.92,83.09,19.80,49.84,82.37
6/30/2019,Visibility-Center,0.31,74.17,145.19,165.10,83.06,19.80,50.91,82.48
7/1/2019,Visibility-Center,0.31,74.72,145.03,157.83,83.13,96.35,19.80,81.88
7/1/2019,Visibility-Center,0.25,74.26,147.55,154.85,82.90,71.63,43.03,87.93
7/2/2019,Visibility-Center,0.25,73.96,146.47,154.69,83.24,86.74,79.08,74.66
7/2/2019,Visibility-Center,0.29,73.34,145.26,154.15,81.88,74.18,47.19,88.10
7/3/2019,Visibility-Center,0.31,73.86,145.72,157.32,83.86,74.37,19.80,50.96
7/3/2019,Visibility-Center,0.25,73.89,146.95,153.29,83.96,86.00,19.80,57.16
7/4/2019,Visibility-Center,0.31,73.82,145.50,163.99,84.18,85.95,19.80,54.76
7/4/2019,Visibility-Center,0.25,73.87,147.91,155.25,84.22,85.95,19.80,54.76
7/5/2019,Visibility-Center,0.27,73.81,147.96,155.88,84.23,85.79,19.80,49.28
7/5/2019,Visibility-Center,0.31,73.77,146.51,148.70,84.23,86.06,19.80,51.81
7/6/2019,Visibility-Center,0.31,73.78,146.05,100.90,84.40,85.79,35.63,44.66
7/6/2019,Visibility-Center,0.26,73.82,147.42,112.47,84.24,85.68,19.80,51.81
7/7/2019,Visibility-Center,0.32,73.76,146.07,94.26,84.42,85.68,35.63,44.66
7/7/2019,Visibility-Center,0.25,73.82,147.44,94.99,84.33,86.06,35.63,49.28
7/8/2019,Visibility-Center,0.25,74.15,147.74,147.47,84.09,86.00,19.80,55.02
7/8/2019,Visibility-Center,0.31,74.21,146.14,51.98,8.03,83.98,74.25,225.58
7/10/2019,Visibility-Center,0.26,74.32,144.90,54.41,84.02,85.86,19.80,57.16
7/10/2019,Visibility-Center,0.32,74.25,145.65,24.72,8.03,83.98,74.25,225.58
7/11/2019,Visibility-Center,0.32,74.27,147.17,54.95,53.52,63.62,76.71,188.52
7/11/2019,Visibility-Center,0.26,74.34,148.67,146.21,53.03,84.61,74.25,225.95
7/12/2019,Visibility-Center,0.27,74.32,148.73,53.80,147.61,83.98,74.25,225.58
7/12/2019,Visibility-Center,0.27,74.32,148.73,54.41,147.61,83.98,74.25,225.58
7/12/2019,Visibility-Center,0.32,74.26,147.52,62.49,148.73,84.00,74.20,226.48
7/12/2019,Visibility-Center,0.32,74.26,147.52,62.58,148.73,84.00,74.20,226.48
7/13/2019,Visibility-Center,0.26,74.27,148.62,53.69,147.03,84.16,74.19,225.82
7/13/2019,Visibility-Center,0.32,74.21,147.65,59.54,147.91,84.35,74.16,226.21
7/14/2019,Visibility-Center,0.27,74.26,145.92,71.05,190.23,84.09,74.18,225.79
7/14/2019,Visibility-Center,0.33,74.19,145.66,70.73,190.08,84.12,74.14,226.14
7/15/2019,Visibility-Center,0.32,75.99,146.58,74.15,226.46,152.79,76.19,47.93
7/15/2019,Visibility-Center,0.26,74.27,148.11,74.18,226.21,89.14,75.39,48.29
7/16/2019,Visibility-Center,0.42,74.03,166.91,74.01,227.25,85.85,76.05,47.13
7/16/2019,Visibility-Center,0.26,74.10,147.26,74.04,225.12,83.97,76.10,50.28
7/17/2019,Visibility-Center,0.31,73.77,141.96,73.68,226.75,76.04,69.03,47.63
7/17/2019,Visibility-Center,0.31,73.77,147.69,76.63,225.77,83.15,75.48,48.83
7/18/2019,Visibility-Center,0.28,73.71,146.70,73.67,227.17,84.47,72.11,47.48
7/18/2019,Visibility-Center,1.73,73.70,146.01,73.62,226.87,86.50,84.63,47.55
7/19/2019,Visibility-Center,0.28,73.73,145.74,73.68,228.42,83.32,75.35,46.74
7/19/2019,Visibility-Center,0.31,73.70,143.65,73.61,226.83,76.04,69.03,47.63
7/20/2019,Visibility-Center,0.26,73.74,146.58,73.67,225.63,86.71,149.58,49.51
7/20/2019,Visibility-Center,0.32,74.43,144.21,73.62,224.95,86.66,78.89,50.32
7/21/2019,Visibility-Center,0.27,76.46,147.31,73.67,225.13,86.44,76.16,50.20
7/21/2019,Visibility-Center,0.31,73.68,144.11,73.62,223.85,83.89,75.66,53.00
7/22/2019,Visibility-Center,0.32,73.64,144.35,73.60,224.27,85.96,75.11,51.86
7/22/2019,Visibility-Center,0.26,78.37,147.47,73.64,224.26,77.31,70.37,51.88
7/24/2019,Visibility-Center,0.23,74.00,95.41,73.98,226.84,79.06,76.20,47.61
7/24/2019,Visibility-Center,0.31,74.02,92.73,73.98,222.76,82.98,75.98,54.49
7/25/2019,Visibility-Center,0.24,74.25,93.38,73.99,226.31,85.81,75.70,48.07
7/25/2019,Visibility-Center,0.30,74.04,90.78,73.99,225.02,83.97,76.10,50.28
7/26/2019,Visibility-Center,0.25,74.00,92.57,73.98,225.97,81.25,74.46,48.34
7/26/2019,Visibility-Center,0.31,74.03,89.59,73.99,224.50,86.00,75.05,51.47
7/27/2019,Visibility-Center,0.24,60.17,75.49,60.12,183.41,85.95,75.01,59.39
7/27/2019,Visibility-Center,0.31,60.21,72.75,60.13,182.52,83.88,76.09,59.42
7/28/2019,Visibility-Center,0.24,74.00,92.62,73.98,226.31,84.13,75.35,48.08
7/28/2019,Visibility-Center,0.31,74.02,89.64,73.99,224.56,83.88,75.57,51.34
7/29/2019,Visibility-Center,0.24,66.34,81.79,65.24,199.72,86.06,75.68,58.66
7/29/2019,Visibility-Center,0.31,65.28,79.00,65.25,198.21,85.71,75.94,58.83
7/30/2019,Visibility-Center,0.27,74.06,92.78,74.00,226.76,76.04,69.03,47.63
7/30/2019,Visibility-Center,0.31,74.10,89.63,74.00,225.46,85.85,75.08,49.56
7/31/2019,Visibility-Center,0.25,74.12,93.52,74.00,227.95,84.84,76.05,46.79
7/31/2019,Visibility-Center,0.31,74.08,90.71,74.00,227.42,85.64,74.59,47.05
8/1/2019,Visibility-Center,0.26,74.22,91.19,74.14,227.15,87.27,76.25,47.53
8/1/2019,Visibility-Center,0.31,74.18,88.44,74.12,222.30,86.62,78.90,54.88
8/2/2019,Visibility-Center,0.25,74.40,91.19,74.32,226.65,76.04,69.03,47.63
8/2/2019,Visibility-Center,0.31,74.33,88.34,74.27,225.44,82.19,75.70,49.76
8/3/2019,Visibility-Center,0.25,74.40,91.20,74.30,225.67,83.88,76.27,49.13
8/3/2019,Visibility-Center,0.25,74.40,91.20,74.30,225.67,80.91,74.92,49.28
8/3/2019,Visibility-Center,0.32,74.28,88.10,74.27,224.33,264.81,75.65,51.74
8/3/2019,Visibility-Center,0.32,74.28,88.10,74.27,224.33,85.76,74.44,51.80
8/4/2019,Visibility-Center,0.24,74.41,90.51,74.30,224.57,85.20,76.12,51.21
8/4/2019,Visibility-Center,0.31,74.32,87.72,74.25,222.68,85.44,241.83,54.58
8/5/2019,Visibility-Center,0.25,74.40,90.02,74.30,222.99,85.53,74.60,54.22
8/5/2019,Visibility-Center,0.35,74.33,89.70,74.26,220.17,93.66,76.10,56.28
8/6/2019,Visibility-Center,0.24,74.42,91.17,74.31,225.19,86.10,76.18,49.91
8/6/2019,Visibility-Center,0.31,74.34,90.96,74.26,222.44,84.21,75.78,54.73
8/7/2019,Visibility-Center,0.33,74.38,91.11,74.27,225.11,83.97,76.10,50.28
8/7/2019,Visibility-Center,0.33,74.31,90.96,74.25,222.80,83.88,75.12,54.46
8/8/2019,Visibility-Center,0.24,74.39,99.21,74.31,219.83,86.60,78.90,56.44
8/8/2019,Visibility-Center,0.31,74.33,92.82,74.27,215.20,86.76,78.89,57.83
8/9/2019,Visibility-Center,0.24,74.40,87.87,74.31,223.26,85.86,74.79,53.99
8/9/2019,Visibility-Center,0.32,74.32,86.73,74.27,221.58,86.81,78.89,55.34
8/10/2019,Visibility-Center,0.24,74.41,55.36,74.30,223.07,86.84,215.50,54.21
8/10/2019,Visibility-Center,0.30,74.30,21.78,74.26,221.05,83.95,76.12,55.84
8/11/2019,Visibility-Center,0.24,74.43,56.24,74.35,224.62,84.95,76.14,51.09
8/11/2019,Visibility-Center,0.30,74.31,46.78,74.26,221.60,85.03,75.09,55.31
8/12/2019,Visibility-Center,0.24,74.40,50.99,74.30,222.89,85.64,76.16,54.32
8/12/2019,Visibility-Center,0.31,74.31,50.03,74.27,218.70,83.66,75.67,57.48
8/13/2019,Visibility-Center,0.25,74.51,57.16,74.32,222.23,86.04,75.59,55.02
8/13/2019,Visibility-Center,0.32,74.32,58.49,74.26,221.90,83.78,75.65,55.10
8/14/2019,Visibility-Center,0.24,74.41,88.86,74.30,226.21,88.89,76.30,48.19
8/14/2019,Visibility-Center,0.31,74.33,88.92,74.28,224.83,83.89,75.55,50.65
8/15/2019,Visibility-Center,0.24,74.41,95.31,74.31,225.33,86.69,78.89,49.83
8/15/2019,Visibility-Center,0.30,74.32,93.01,74.27,222.26,84.94,75.68,54.91
8/16/2019,Visibility-Center,0.24,74.42,94.66,74.31,221.29,85.08,76.15,55.43
8/16/2019,Visibility-Center,0.31,74.32,92.46,74.26,219.67,85.65,74.59,56.85
8/17/2019,Visibility-Center,0.24,74.42,94.09,74.30,224.55,83.88,75.57,51.34
8/17/2019,Visibility-Center,0.32,74.32,91.92,74.27,223.72,83.80,75.68,53.19
8/18/2019,Visibility-Center,0.24,74.41,94.04,74.30,224.67,86.94,122.14,50.88
8/18/2019,Visibility-Center,0.32,74.32,92.81,74.27,223.58,86.42,76.16,53.31
8/19/2019,Visibility-Center,0.31,74.33,92.79,74.26,223.98,83.55,76.16,52.66
8/19/2019,Visibility-Center,0.24,74.42,95.47,74.31,223.78,87.51,81.43,53.01
8/20/2019,Visibility-Center,0.24,73.39,94.16,73.79,224.26,77.31,70.37,51.88
8/20/2019,Visibility-Center,0.31,73.81,92.03,74.26,223.73,87.04,76.04,53.10
8/21/2019,Visibility-Center,0.24,74.41,93.39,74.30,225.79,83.98,76.43,48.54
8/21/2019,Visibility-Center,0.31,74.31,91.36,74.27,224.03,84.92,75.66,52.50
8/22/2019,Visibility-Center,0.24,75.38,125.08,75.07,224.54,86.77,119.53,51.38
8/22/2019,Visibility-Center,0.31,75.19,126.35,75.09,223.69,86.74,142.39,53.24
8/23/2019,Visibility-Center,0.24,74.35,91.64,74.26,227.05,83.02,76.10,47.53
8/23/2019,Visibility-Center,0.32,74.28,90.92,74.21,224.17,85.21,76.06,52.11
8/24/2019,Visibility-Center,0.24,74.34,89.88,74.26,225.13,86.20,75.67,50.14
8/24/2019,Visibility-Center,0.32,74.26,89.98,74.20,223.10,86.02,75.07,54.14
8/25/2019,Visibility-Center,0.24,74.36,64.85,74.24,223.00,86.84,215.50,54.21
8/25/2019,Visibility-Center,0.41,74.27,64.98,74.20,221.47,85.75,74.60,55.35
8/26/2019,Visibility-Center,0.24,74.35,89.85,74.25,224.15,83.76,75.65,52.12
8/26/2019,Visibility-Center,0.31,74.27,90.31,74.20,222.56,85.57,76.24,54.66
8/27/2019,Visibility-Center,0.24,74.35,88.28,74.24,224.44,83.38,76.13,51.53
8/27/2019,Visibility-Center,0.31,74.26,88.40,74.20,222.73,83.99,75.61,54.52
8/28/2019,Visibility-Center,0.24,74.35,89.97,74.24,222.90,85.52,74.59,54.30
8/28/2019,Visibility-Center,0.30,74.26,90.27,74.20,219.37,86.68,78.88,57.23
8/29/2019,Visibility-Center,0.24,74.34,89.54,74.25,224.90,85.91,74.59,50.39
8/29/2019,Visibility-Center,0.30,74.27,89.83,74.20,222.69,84.84,75.06,54.54
8/30/2019,Visibility-Center,0.24,74.36,89.57,74.23,223.23,85.73,74.55,54.03
8/30/2019,Visibility-Center,0.31,74.26,89.87,74.20,220.79,83.45,76.12,55.90
8/31/2019,Visibility-Center,0.24,74.47,90.42,74.24,225.17,88.91,74.67,49.98
8/31/2019,Visibility-Center,0.29,74.27,90.34,74.21,221.88,85.67,75.07,55.18
9/1/2019,Visibility-Center,0.24,74.41,89.84,74.31,221.26,85.83,75.61,55.54
9/1/2019,Visibility-Center,0.30,74.32,90.02,74.27,217.39,83.39,76.19,57.64
9/2/2019,Visibility-Center,0.23,74.40,90.14,74.30,224.28,84.26,74.92,51.81
9/2/2019,Visibility-Center,0.30,74.31,90.00,74.27,222.01,87.23,78.90,55.04
9/3/2019,Visibility-Center,0.24,74.40,91.60,74.30,225.03,83.97,76.10,50.28
9/3/2019,Visibility-Center,0.29,74.36,91.85,74.27,222.20,85.67,74.87,55.02
9/4/2019,Visibility-Center,0.24,74.55,91.59,74.44,219.84,52.13,75.66,56.38
9/4/2019,Visibility-Center,0.28,74.47,91.42,74.42,219.74,85.87,75.07,56.59
9/5/2019,Visibility-Center,0.25,74.40,90.47,74.29,224.56,87.60,76.06,51.28
9/5/2019,Visibility-Center,0.28,74.32,90.39,74.27,222.70,85.01,245.88,54.54
9/6/2019,Visibility-Center,0.24,74.39,93.02,74.28,224.90,86.66,87.96,50.39
9/6/2019,Visibility-Center,0.28,74.32,94.61,74.26,221.22,85.53,74.61,55.68
9/7/2019,Visibility-Center,0.24,74.42,89.29,74.28,223.66,85.22,76.19,53.24
9/7/2019,Visibility-Center,0.28,74.30,89.33,74.27,219.60,85.85,74.68,56.98
9/8/2019,Visibility-Center,0.24,74.39,93.21,74.29,223.51,88.23,76.10,53.73
9/8/2019,Visibility-Center,0.29,74.33,94.98,74.27,219.33,86.85,115.07,57.37
9/9/2019,Visibility-Center,0.24,74.39,89.74,74.28,224.63,86.09,75.05,50.97
9/9/2019,Visibility-Center,0.28,74.31,90.18,74.27,220.22,86.73,78.11,56.28
9/10/2019,Visibility-Center,0.24,74.38,90.81,74.28,222.97,83.96,75.62,54.22
9/10/2019,Visibility-Center,0.28,74.31,89.81,74.25,218.71,82.26,75.42,57.45
9/11/2019,Visibility-Center,0.25,74.45,90.94,74.33,224.22,77.31,70.37,51.88
9/11/2019,Visibility-Center,0.29,74.34,88.91,74.30,220.28,85.71,74.46,56.20
9/12/2019,Visibility-Center,0.31,74.39,89.33,74.33,220.38,85.68,75.58,56.04
9/12/2019,Visibility-Center,0.26,74.49,91.74,74.38,224.20,77.31,70.37,57.45
9/13/2019,Visibility-Center,0.25,74.53,92.19,74.48,223.99,85.85,75.05,52.63
9/13/2019,Visibility-Center,0.31,74.43,89.53,74.34,219.28,86.73,78.90,57.40
9/14/2019,Visibility-Center,0.26,74.48,90.48,74.42,221.84,85.09,75.68,55.24
9/14/2019,Visibility-Center,0.31,74.44,88.70,74.47,217.69,85.59,74.60,57.64
9/15/2019,Visibility-Center,0.27,74.55,78.74,74.48,223.59,85.07,76.12,53.31
9/15/2019,Visibility-Center,0.30,74.47,89.15,74.49,219.03,82.79,73.96,57.40
9/17/2019,Visibility-Center,0.26,74.50,92.24,74.38,222.36,84.27,76.16,54.82
9/17/2019,Visibility-Center,0.30,74.40,89.93,74.33,220.29,85.78,74.72,56.17
9/18/2019,Visibility-Center,0.25,74.76,81.56,74.40,224.37,86.75,78.89,51.73
9/18/2019,Visibility-Center,0.30,74.64,80.75,74.35,219.68,84.14,76.16,56.75
9/19/2019,Visibility-Center,0.25,74.50,80.46,74.38,224.42,86.78,76.94,51.62
9/19/2019,Visibility-Center,0.31,75.58,80.06,74.34,219.71,84.14,76.16,56.75
9/20/2019,Visibility-Center,0.29,73.36,92.08,219.28,83.63,86.68,19.80,50.46
9/21/2019,Visibility-Center,0.25,74.58,91.57,74.41,222.62,86.73,77.18,54.61
9/21/2019,Visibility-Center,0.30,77.32,91.39,74.35,218.57,86.67,78.88,57.52
9/22/2019,Visibility-Center,0.25,77.83,90.64,74.41,224.03,92.81,78.90,52.46
9/22/2019,Visibility-Center,0.32,74.40,90.50,74.33,220.61,196.69,75.64,55.97
9/23/2019,Visibility-Center,0.26,74.49,92.30,74.39,223.74,86.92,78.88,53.06
9/23/2019,Visibility-Center,0.30,74.41,91.50,74.40,220.63,86.72,78.90,55.95
9/24/2019,Visibility-Center,0.25,74.49,92.03,74.39,223.06,86.84,215.50,54.21
9/24/2019,Visibility-Center,0.32,74.40,91.96,74.33,220.72,86.87,78.90,55.91
9/25/2019,Visibility-Center,0.26,74.47,92.57,74.37,223.29,92.57,78.89,53.74
9/25/2019,Visibility-Center,0.30,74.38,91.67,74.32,219.70,84.14,76.16,56.75
9/26/2019,Visibility-Center,0.26,74.46,92.25,74.47,222.54,86.63,78.89,54.68
9/26/2019,Visibility-Center,0.29,74.37,92.12,74.80,219.42,85.87,74.82,57.16
9/27/2019,Visibility-Center,0.25,74.30,92.59,74.21,164.22,83.29,75.75,59.43
9/27/2019,Visibility-Center,0.30,74.23,93.36,74.16,161.68,85.96,75.20,59.49
9/28/2019,Visibility-Center,0.26,73.92,91.87,74.16,222.37,83.60,76.02,54.78
9/28/2019,Visibility-Center,0.30,73.90,91.70,73.82,219.31,86.85,115.07,57.37
9/29/2019,Visibility-Center,0.25,73.92,91.70,73.82,223.58,86.83,78.20,53.35
9/29/2019,Visibility-Center,0.30,73.87,90.54,73.80,221.21,86.68,78.89,55.69
9/30/2019,Visibility-Center,0.25,73.89,93.62,73.83,221.74,86.65,78.89,55.28
9/30/2019,Visibility-Center,0.30,73.88,93.91,73.81,219.95,85.64,74.61,56.28
10/1/2019,Visibility-Center,0.26,73.93,91.91,73.82,222.84,84.00,76.09,54.44
10/1/2019,Visibility-Center,0.30,73.89,90.94,73.80,221.06,85.74,74.59,55.82
10/2/2019,Visibility-Center,0.26,74.11,92.58,74.05,224.62,86.16,75.07,51.16
10/2/2019,Visibility-Center,0.29,74.11,92.94,74.03,221.57,86.15,75.62,55.34
10/3/2019,Visibility-Center,0.25,74.36,91.03,74.27,224.17,85.98,75.05,51.97
10/3/2019,Visibility-Center,0.30,74.34,90.77,74.27,221.34,84.63,75.89,55.39
10/4/2019,Visibility-Center,0.25,74.00,93.17,73.94,224.28,86.03,74.61,51.86
10/4/2019,Visibility-Center,0.30,73.99,93.67,73.91,220.76,86.87,78.90,55.91
10/5/2019,Visibility-Center,0.26,74.00,93.09,73.94,223.97,83.15,75.71,52.77
10/5/2019,Visibility-Center,0.30,73.98,92.44,73.90,220.27,85.99,75.83,56.26
10/6/2019,Visibility-Center,0.25,73.98,94.41,73.93,222.37,81.92,74.91,54.76
10/6/2019,Visibility-Center,0.38,73.98,91.17,73.90,220.54,83.82,75.95,55.98
10/7/2019,Visibility-Center,0.25,74.04,91.47,74.02,221.77,86.65,78.89,55.28
10/7/2019,Visibility-Center,0.30,74.03,91.42,74.00,219.19,86.24,75.54,57.40
10/8/2019,Visibility-Center,0.27,74.23,92.07,74.18,224.51,74.69,76.20,51.42
10/8/2019,Visibility-Center,0.31,74.21,90.61,74.22,220.86,87.31,78.88,55.90
10/9/2019,Visibility-Center,0.25,74.33,92.36,74.24,222.85,86.68,78.13,54.40
10/9/2019,Visibility-Center,0.29,74.26,92.78,74.19,220.71,86.72,78.90,55.95
10/10/2019,Visibility-Center,0.25,74.28,93.79,74.19,221.26,83.45,76.26,55.58
10/10/2019,Visibility-Center,0.29,74.22,93.17,74.16,218.05,83.24,75.70,57.60
10/11/2019,Visibility-Center,0.25,74.45,70.77,74.41,221.10,85.52,74.57,55.79
10/11/2019,Visibility-Center,0.29,74.42,66.91,74.39,219.72,83.91,75.62,56.67
10/12/2019,Visibility-Center,0.26,74.72,93.65,74.40,211.65,86.91,78.91,58.02
10/12/2019,Visibility-Center,0.30,74.42,91.30,74.38,210.11,84.10,75.89,58.09
10/13/2019,Visibility-Center,0.25,74.48,66.60,74.40,211.72,83.62,75.68,57.99
10/13/2019,Visibility-Center,0.30,74.43,66.29,74.39,210.21,83.53,76.15,58.06
10/14/2019,Visibility-Center,0.25,74.49,65.21,74.40,196.31,83.76,76.11,58.89
10/14/2019,Visibility-Center,0.30,75.11,64.50,74.39,193.94,86.08,76.21,59.09
10/15/2019,Visibility-Center,0.25,74.44,92.12,74.39,196.31,93.62,78.90,58.91
10/15/2019,Visibility-Center,0.30,74.42,89.71,74.36,194.44,83.42,76.10,59.06
10/16/2019,Visibility-Center,0.26,74.39,89.36,74.53,221.10,83.85,76.11,55.78
10/16/2019,Visibility-Center,0.30,74.37,88.61,74.31,215.60,51.86,75.67,57.72
10/17/2019,Visibility-Center,0.26,74.44,90.94,74.40,223.25,85.03,242.00,54.00
10/17/2019,Visibility-Center,0.29,74.42,89.40,74.46,219.82,85.24,76.17,56.53
10/18/2019,Visibility-Center,0.25,74.46,94.43,74.54,225.44,83.95,75.13,49.65
10/18/2019,Visibility-Center,0.29,74.36,94.06,74.34,219.89,86.73,75.78,56.33
10/19/2019,Visibility-Center,0.25,75.26,57.15,74.59,225.65,83.87,74.58,49.40
10/19/2019,Visibility-Center,0.35,75.21,50.99,74.22,219.47,91.17,78.89,56.99
10/20/2019,Visibility-Center,0.25,74.11,94.84,74.04,224.28,83.99,75.51,51.82
10/20/2019,Visibility-Center,0.30,74.07,93.47,73.99,219.47,87.93,78.89,57.06
10/21/2019,Visibility-Center,0.26,74.13,92.97,74.03,214.83,84.77,76.12,57.83
10/21/2019,Visibility-Center,0.29,74.07,92.94,74.03,210.10,85.91,74.67,58.10
10/22/2019,Visibility-Center,0.26,74.12,94.04,74.06,204.08,83.98,75.05,58.41
10/22/2019,Visibility-Center,0.30,74.14,94.17,74.05,204.01,83.92,75.95,58.44
10/23/2019,Visibility-Center,0.30,74.34,93.01,74.04,204.88,88.24,74.59,58.33
10/23/2019,Visibility-Center,0.26,74.45,93.42,74.08,200.86,84.06,76.49,58.60
10/24/2019,Visibility-Center,0.25,74.08,108.72,74.05,199.40,75.01,76.27,58.72
10/24/2019,Visibility-Center,0.30,74.25,109.86,74.01,193.08,85.71,76.16,59.11
10/25/2019,Visibility-Center,0.25,74.29,127.50,74.44,199.97,87.97,82.24,58.61
10/25/2019,Visibility-Center,0.30,74.29,127.86,74.42,196.16,215.02,75.67,58.91
10/26/2019,Visibility-Center,0.29,74.42,93.81,74.21,210.06,86.81,78.89,58.19
10/26/2019,Visibility-Center,0.25,74.42,94.65,74.25,207.97,86.78,78.88,58.23
10/27/2019,Visibility-Center,0.25,74.29,92.00,74.28,197.29,92.30,78.89,58.87
10/27/2019,Visibility-Center,0.30,74.29,93.07,74.78,196.61,83.89,75.65,58.88
10/28/2019,Visibility-Center,0.25,75.22,93.90,74.29,206.89,208.62,74.71,58.29
10/28/2019,Visibility-Center,0.30,75.10,93.06,74.22,201.88,87.26,75.07,58.53
10/29/2019,Visibility-Center,0.25,74.32,100.07,74.26,223.96,83.92,75.61,52.93
10/29/2019,Visibility-Center,0.30,74.46,96.19,74.21,221.59,86.81,78.89,55.34
10/30/2019,Visibility-Center,0.26,74.79,95.89,74.45,223.87,85.94,75.05,52.97
10/30/2019,Visibility-Center,0.29,74.69,92.54,74.47,221.79,83.97,75.00,55.25
10/31/2019,Visibility-Center,0.25,74.31,95.87,74.26,224.49,83.38,76.13,51.53
10/31/2019,Visibility-Center,0.30,74.28,91.90,74.25,224.06,84.54,71.62,52.28
11/1/2019,Visibility-Center,0.25,74.30,94.62,74.72,226.67,76.04,69.03,47.63
11/1/2019,Visibility-Center,0.30,74.31,92.49,74.24,224.53,86.77,119.53,51.38
11/2/2019,Visibility-Center,0.25,74.35,93.90,74.24,225.80,86.69,75.00,48.42
11/2/2019,Visibility-Center,0.30,74.28,91.09,74.22,223.88,83.90,75.70,52.96
11/3/2019,Visibility-Center,0.29,74.28,90.33,74.21,226.51,83.62,75.68,47.72
11/3/2019,Visibility-Center,0.26,74.30,93.31,74.28,224.89,85.86,75.06,50.46
11/4/2019,Visibility-Center,0.30,74.31,55.36,74.30,246.28,85.31,75.39,39.17
11/4/2019,Visibility-Center,0.25,74.32,56.24,74.32,225.15,86.09,75.18,50.01
11/5/2019,Visibility-Center,0.30,74.29,91.62,74.22,243.79,84.72,75.84,41.00
11/5/2019,Visibility-Center,0.25,74.31,94.66,74.26,223.89,85.24,75.80,52.96
11/6/2019,Visibility-Center,0.30,74.27,94.92,74.21,243.16,85.02,76.10,41.47
11/6/2019,Visibility-Center,0.26,74.30,95.70,74.27,221.11,85.70,75.05,55.76
11/7/2019,Visibility-Center,0.29,74.30,94.54,74.70,250.03,86.00,78.77,35.68
11/7/2019,Visibility-Center,0.25,74.31,94.34,74.74,225.93,84.69,76.11,48.39
11/8/2019,Visibility-Center,0.29,74.74,94.65,74.21,246.90,83.07,76.21,38.68
11/8/2019,Visibility-Center,0.40,74.70,96.13,74.25,224.12,85.70,79.09,52.23
11/9/2019,Visibility-Center,0.30,74.29,95.05,74.21,246.77,168.75,75.68,38.68
11/9/2019,Visibility-Center,0.25,74.29,94.69,74.26,225.72,85.71,76.16,49.03
11/10/2019,Visibility-Center,0.29,74.27,97.40,74.58,246.65,85.26,76.14,39.06
11/10/2019,Visibility-Center,0.25,75.48,101.58,74.69,225.05,83.97,76.10,50.28
11/11/2019,Visibility-Center,0.30,75.64,94.29,75.57,248.56,57.76,50.63,36.59
11/11/2019,Visibility-Center,0.26,77.04,94.16,75.57,225.78,83.41,75.89,48.70
11/12/2019,Visibility-Center,0.30,79.50,94.88,79.79,249.73,86.06,78.79,36.06
11/12/2019,Visibility-Center,0.26,84.71,95.19,79.93,226.42,83.50,76.12,48.03
11/13/2019,Visibility-Center,0.32,78.38,93.94,78.91,247.53,88.99,81.85,36.86
11/13/2019,Visibility-Center,0.25,83.51,93.42,78.98,223.08,85.95,75.00,54.15
11/14/2019,Visibility-Center,0.29,79.54,93.65,79.44,250.23,85.16,75.14,33.75
11/14/2019,Visibility-Center,0.25,84.68,94.60,79.45,226.23,87.71,79.77,48.15
11/15/2019,Visibility-Center,0.30,64.22,94.64,64.30,250.10,85.10,76.05,34.17
11/15/2019,Visibility-Center,0.25,67.96,94.95,64.51,222.34,86.13,78.38,54.86
11/16/2019,Visibility-Center,0.30,120.57,92.92,126.44,249.25,87.10,78.10,36.06
11/16/2019,Visibility-Center,0.26,129.02,93.42,124.74,223.55,83.70,75.50,53.63
11/17/2019,Visibility-Center,0.43,211.03,93.37,222.01,248.38,85.52,169.87,36.82
11/17/2019,Visibility-Center,0.25,226.79,93.57,219.06,225.33,85.55,74.44,49.81
11/18/2019,Visibility-Center,0.30,209.44,94.05,220.53,251.13,85.90,78.80,33.71
11/18/2019,Visibility-Center,0.25,225.01,95.01,217.51,225.06,83.97,76.10,50.28
11/19/2019,Visibility-Center,0.29,138.44,94.18,146.80,251.67,85.19,75.19,33.27
11/19/2019,Visibility-Center,0.26,148.02,94.18,143.66,222.71,85.74,75.07,54.52
11/20/2019,Visibility-Center,0.29,211.10,94.18,219.54,248.90,50.69,76.52,36.39
11/20/2019,Visibility-Center,0.25,226.61,93.61,220.11,226.59,85.72,74.59,47.70
11/21/2019,Visibility-Center,0.29,208.06,95.08,219.29,247.99,88.74,81.78,36.82
11/21/2019,Visibility-Center,0.25,223.65,95.10,219.28,222.46,86.62,78.88,54.70
11/22/2019,Visibility-Center,0.29,208.31,93.94,220.15,224.72,83.89,75.55,50.65
11/22/2019,Visibility-Center,0.25,224.47,95.04,220.03,201.38,83.88,75.96,58.57
11/23/2019,Visibility-Center,0.29,208.21,94.00,220.07,249.55,83.37,76.20,36.06
11/23/2019,Visibility-Center,0.25,224.13,94.41,220.04,224.63,83.88,74.81,50.96
11/24/2019,Visibility-Center,0.29,205.39,95.04,220.04,250.51,85.94,78.81,33.75
11/24/2019,Visibility-Center,0.25,223.92,94.85,220.06,222.24,85.92,75.57,55.01
11/25/2019,Visibility-Center,0.29,209.07,94.23,218.67,247.42,85.06,86.39,37.98
11/25/2019,Visibility-Center,0.26,226.08,94.50,220.11,222.27,87.57,78.90,54.89
11/26/2019,Visibility-Center,0.29,214.58,94.29,219.58,253.90,85.12,233.66,32.86
11/26/2019,Visibility-Center,0.25,229.69,94.43,219.60,224.65,85.65,76.16,50.93
11/27/2019,Visibility-Center,0.29,210.64,97.33,218.26,253.29,85.86,78.77,33.27
11/27/2019,Visibility-Center,0.25,225.64,96.25,218.20,224.43,221.84,75.69,51.53
11/28/2019,Visibility-Center,0.30,208.31,94.52,215.05,248.51,88.41,78.80,36.59
11/28/2019,Visibility-Center,0.25,221.89,94.42,215.02,222.99,86.84,215.50,54.21
11/29/2019,Visibility-Center,0.29,196.48,90.59,206.92,249.55,83.37,76.20,36.06
11/29/2019,Visibility-Center,0.25,211.55,92.84,206.92,224.21,77.31,70.37,57.45
11/30/2019,Visibility-Center,0.30,74.07,91.26,74.30,249.76,60.40,52.70,35.68
11/30/2019,Visibility-Center,0.25,74.07,93.04,74.30,224.00,84.98,76.11,52.53
12/2/2019,Visibility-Center,0.29,74.09,88.64,74.33,208.78,86.78,78.88,58.23
12/2/2019,Visibility-Center,0.25,74.13,95.56,74.36,188.70,84.08,75.78,59.30
12/3/2019,Visibility-Center,0.30,74.08,89.67,74.30,248.67,85.27,242.00,36.50
12/3/2019,Visibility-Center,0.25,74.08,91.99,74.31,224.49,85.08,76.15,51.52
12/4/2019,Visibility-Center,0.29,74.10,89.26,74.30,154.75,87.16,78.88,59.73
12/4/2019,Visibility-Center,0.25,74.07,91.62,74.32,116.94,86.81,79.02,60.05
12/5/2019,Visibility-Center,0.29,74.08,88.22,74.30,248.77,88.06,78.84,36.50
12/5/2019,Visibility-Center,0.25,74.11,92.51,74.30,227.58,85.11,76.01,46.86
12/6/2019,Visibility-Center,0.29,74.07,88.48,74.30,249.00,88.00,78.88,36.39
12/6/2019,Visibility-Center,0.25,74.10,92.56,74.30,225.30,85.64,74.61,49.91
12/7/2019,Visibility-Center,0.29,74.18,88.78,74.40,246.96,90.24,78.88,37.98
12/7/2019,Visibility-Center,0.25,74.18,93.45,74.41,221.91,82.24,76.12,55.09
12/8/2019,Visibility-Center,0.34,73.56,89.92,74.30,244.63,19.80,19.80,39.47
12/8/2019,Visibility-Center,0.25,74.08,91.68,74.37,220.47,113.85,78.89,56.00
12/9/2019,Visibility-Center,0.30,74.08,93.45,74.29,242.90,85.16,75.64,41.49
12/9/2019,Visibility-Center,0.25,74.06,92.82,74.30,240.38,86.71,78.89,42.56
12/10/2019,Visibility-Center,0.29,74.07,87.96,74.29,250.97,85.04,75.63,33.71
12/10/2019,Visibility-Center,0.25,74.08,91.38,74.29,242.61,83.37,74.62,42.19
12/11/2019,Visibility-Center,0.29,74.11,92.11,74.28,267.20,83.25,76.06,31.81
12/11/2019,Visibility-Center,0.25,74.13,95.13,74.32,254.97,85.82,78.87,32.86
12/12/2019,Visibility-Center,0.29,74.18,116.80,74.35,251.65,85.89,78.88,33.42
12/12/2019,Visibility-Center,0.25,75.11,113.69,74.36,238.73,87.40,76.09,43.78
12/13/2019,Visibility-Center,0.25,74.15,94.59,74.36,212.99,85.92,74.77,57.88
12/13/2019,Visibility-Center,0.30,74.12,94.30,74.34,212.97,86.98,78.88,57.96
12/14/2019,Visibility-Center,0.29,74.92,96.11,75.19,218.53,85.93,75.53,57.57
12/14/2019,Visibility-Center,0.25,75.05,95.21,75.24,204.76,86.62,78.89,58.38
12/15/2019,Visibility-Center,0.29,73.97,94.90,74.19,207.93,87.09,75.69,58.27
12/15/2019,Visibility-Center,0.25,73.99,92.78,74.21,204.75,85.58,78.89,58.40
12/16/2019,Visibility-Center,0.29,73.98,98.25,74.19,240.03,83.46,76.27,42.69
12/16/2019,Visibility-Center,0.25,74.00,97.04,74.20,237.01,83.29,76.10,44.75
12/17/2019,Visibility-Center,0.29,72.54,95.62,73.76,245.82,83.05,76.07,39.46
12/17/2019,Visibility-Center,0.25,72.53,95.58,73.77,244.06,86.47,75.04,40.49
12/18/2019,Visibility-Center,0.30,74.56,95.95,74.28,234.34,84.59,76.16,45.79
12/18/2019,Visibility-Center,0.26,74.08,95.78,74.31,228.40,50.67,76.20,46.74
12/19/2019,Visibility-Center,0.29,73.97,94.10,74.18,247.72,83.30,74.59,36.86
12/19/2019,Visibility-Center,0.25,74.00,103.09,74.21,243.61,85.88,76.16,41.11
12/20/2019,Visibility-Center,0.29,73.94,94.46,74.14,250.10,85.95,78.78,34.17
12/20/2019,Visibility-Center,0.25,73.95,95.29,74.16,241.64,84.36,75.06,42.49
12/21/2019,Visibility-Center,0.30,73.95,93.95,74.14,251.60,85.19,75.60,33.42
12/21/2019,Visibility-Center,0.25,73.94,94.58,74.17,240.86,86.71,78.89,42.56
12/22/2019,Visibility-Center,0.28,73.92,94.66,74.16,245.21,85.22,75.89,39.47
12/22/2019,Visibility-Center,0.25,73.95,95.72,74.23,234.67,84.99,75.79,45.46
12/23/2019,Visibility-Center,0.29,73.92,93.79,74.14,234.81,84.90,75.65,45.44
12/23/2019,Visibility-Center,0.25,73.95,93.87,74.17,230.82,83.70,75.54,46.43
12/24/2019,Visibility-Center,0.30,73.94,94.38,74.13,240.22,85.08,75.68,42.60
12/24/2019,Visibility-Center,0.25,73.95,94.91,74.15,235.22,83.43,76.07,45.19
12/25/2019,Visibility-Center,0.29,73.92,93.59,74.13,239.59,80.81,76.17,43.51
12/25/2019,Visibility-Center,0.26,73.94,94.03,74.28,235.01,83.71,75.71,45.41
12/26/2019,Visibility-Center,0.30,73.93,94.45,74.15,238.22,84.98,75.84,43.82
12/26/2019,Visibility-Center,0.25,74.01,94.67,74.16,235.35,86.58,85.57,45.11
12/27/2019,Visibility-Center,0.29,73.94,93.72,74.15,238.17,86.76,78.30,44.30
12/27/2019,Visibility-Center,0.25,73.94,95.54,74.16,233.91,82.17,75.65,46.23
12/28/2019,Visibility-Center,0.29,73.93,92.96,74.13,236.16,85.27,75.41,44.82
12/28/2019,Visibility-Center,0.25,73.94,94.20,74.17,232.68,87.06,121.34,46.29
12/29/2019,Visibility-Center,0.29,73.93,93.36,74.14,238.16,86.14,74.96,44.66
12/29/2019,Visibility-Center,0.25,73.97,93.83,74.16,234.04,82.23,75.69,45.81
1/12/2020,Visibility-Center,0.27,73.94,93.52,173.47,83.56,74.18,52.84,55.02
1/12/2020,Visibility-Center,0.23,74.03,95.50,173.80,83.52,74.24,54.35,57.16
1/13/2020,Visibility-Center,0.22,74.04,93.42,173.71,83.45,74.24,62.83,22.10
1/13/2020,Visibility-Center,0.23,74.02,93.61,178.80,83.39,74.24,64.71,54.22
1/13/2020,Visibility-Center,0.26,73.96,93.27,176.56,83.32,74.22,66.45,54.52
1/13/2020,Visibility-Center,0.26,73.97,93.29,172.82,83.42,74.21,62.72,56.67
1/14/2020,Visibility-Center,0.23,74.02,92.58,182.66,83.53,74.22,65.14,22.10
1/14/2020,Visibility-Center,0.27,73.96,93.89,178.65,83.38,74.20,62.80,54.22
1/14/2020,Visibility-Center,0.27,73.96,93.89,178.65,83.38,74.20,62.80,55.34
1/14/2020,Visibility-Center,0.23,74.02,92.58,182.66,83.53,74.22,65.14,76.40
1/15/2020,Visibility-Center,0.26,73.98,93.47,184.64,83.39,74.20,63.57,56.67
1/15/2020,Visibility-Center,0.23,74.13,93.66,181.40,83.54,74.22,65.90,76.40
1/16/2020,Visibility-Center,0.26,74.01,93.00,184.05,83.38,74.23,62.03,52.93
1/16/2020,Visibility-Center,0.22,74.03,93.83,186.85,83.58,74.26,52.39,54.76
1/17/2020,Visibility-Center,0.29,73.97,93.60,183.98,88.41,74.19,70.26,48.29
1/17/2020,Visibility-Center,0.23,74.02,93.40,193.83,88.52,74.22,58.33,66.55
1/18/2020,Visibility-Center,0.23,73.99,94.07,191.13,88.62,74.23,70.23,46.74
1/18/2020,Visibility-Center,0.30,73.97,92.82,182.86,88.73,74.21,79.61,74.60
1/19/2020,Visibility-Center,0.29,73.97,92.73,181.38,89.14,74.19,69.89,48.08
1/19/2020,Visibility-Center,0.23,74.00,93.52,186.50,88.78,74.23,61.76,54.52
1/20/2020,Visibility-Center,0.23,74.00,93.65,178.06,88.48,74.22,67.75,56.67
1/20/2020,Visibility-Center,0.29,73.96,91.21,171.57,88.52,74.18,75.25,74.60
1/21/2020,Visibility-Center,0.29,73.97,94.09,173.26,88.81,74.18,70.04,48.08
1/21/2020,Visibility-Center,0.23,74.05,92.67,179.84,88.64,74.22,51.92,54.76
1/22/2020,Visibility-Center,0.30,73.97,94.55,176.76,88.70,74.18,69.94,46.74
1/22/2020,Visibility-Center,0.24,74.05,94.22,185.02,88.81,74.26,55.96,57.88
1/27/2020,Visibility-Center,0.29,73.96,93.73,208.91,88.73,74.18,50.91,54.54
1/27/2020,Visibility-Center,0.23,74.00,95.13,196.91,88.82,74.22,55.62,57.88
1/28/2020,Visibility-Center,0.23,74.02,94.60,185.91,88.88,74.21,61.67,55.54
1/28/2020,Visibility-Center,0.29,73.97,94.67,184.63,89.72,74.19,87.49,81.88
1/29/2020,Visibility-Center,0.31,73.97,95.97,158.13,97.38,74.20,65.24,70.76
1/29/2020,Visibility-Center,0.23,74.01,95.47,160.17,99.21,73.99,47.19,50.96
1/30/2020,Visibility-Center,0.23,74.02,90.38,163.89,87.50,74.24,59.76,52.93
1/30/2020,Visibility-Center,0.29,73.97,90.74,169.06,87.85,74.19,64.16,55.34
1/31/2020,Visibility-Center,0.23,74.08,95.79,176.39,88.98,74.28,57.69,63.14
1/31/2020,Visibility-Center,0.30,74.14,96.05,170.28,88.94,74.37,78.57,74.60
2/1/2020,Visibility-Center,0.23,74.01,95.75,180.81,88.78,74.22,57.12,60.44
2/1/2020,Visibility-Center,0.29,73.96,96.50,173.12,88.72,74.19,93.02,81.88
2/2/2020,Visibility-Center,0.30,73.45,97.03,171.36,87.13,74.19,72.42,47.48
2/2/2020,Visibility-Center,0.23,75.07,95.45,181.70,87.02,73.30,54.25,57.16
2/3/2020,Visibility-Center,0.29,71.43,93.97,161.72,84.55,74.19,66.50,52.93
2/3/2020,Visibility-Center,0.23,71.57,99.40,177.81,87.27,73.79,59.13,74.60
2/4/2020,Visibility-Center,0.30,72.94,90.68,158.56,88.14,72.13,65.47,33.71
2/4/2020,Visibility-Center,0.23,70.21,91.05,180.88,97.24,75.23,53.93,56.17
2/5/2020,Visibility-Center,0.20,73.64,95.46,172.64,117.52,83.93,75.12,59.79
2/5/2020,Visibility-Center,0.28,70.87,93.47,153.47,100.32,71.10,53.02,55.02
2/6/2020,Visibility-Center,0.23,73.06,93.81,191.93,107.03,74.85,47.47,51.81
2/6/2020,Visibility-Center,0.30,71.42,91.38,165.12,98.65,71.63,59.04,74.52
2/13/2020,Visibility-Center,0.20,74.02,93.77,184.16,95.26,74.27,49.84,53.99
2/13/2020,Visibility-Center,0.34,74.00,93.40,178.32,95.01,74.34,54.03,56.17
2/14/2020,Visibility-Center,0.22,74.03,94.12,184.99,104.34,74.29,41.49,22.10
2/14/2020,Visibility-Center,0.20,74.01,94.64,183.30,102.30,74.25,48.74,53.99
2/15/2020,Visibility-Center,0.20,74.00,98.61,189.99,109.84,74.23,37.24,19.80
2/15/2020,Visibility-Center,0.27,73.92,98.85,188.18,111.33,74.51,41.43,21.85
2/16/2020,Visibility-Center,0.19,74.00,95.21,192.38,102.45,74.23,36.48,19.80
2/16/2020,Visibility-Center,0.22,73.90,94.83,190.81,102.25,74.24,42.37,39.47
2/17/2020,Visibility-Center,0.19,74.01,93.85,186.72,94.25,74.25,37.91,21.82
2/17/2020,Visibility-Center,0.29,73.93,92.83,188.86,95.83,74.27,39.15,21.82
2/18/2020,Visibility-Center,0.22,73.97,93.53,161.70,94.74,74.22,45.74,50.96
2/18/2020,Visibility-Center,0.20,74.03,93.87,162.10,94.19,74.25,47.60,51.81
2/19/2020,Visibility-Center,0.21,73.99,95.43,185.39,88.13,74.21,41.46,22.10
2/19/2020,Visibility-Center,0.19,74.03,95.57,184.95,88.95,74.29,42.27,39.47
2/20/2020,Visibility-Center,0.20,74.03,94.21,185.30,83.65,74.25,37.88,19.80
2/20/2020,Visibility-Center,0.21,73.97,94.04,185.31,83.85,74.22,43.03,42.49
2/21/2020,Visibility-Center,0.21,73.98,94.02,149.83,83.55,74.22,35.76,13.43
2/21/2020,Visibility-Center,0.19,74.03,94.45,153.20,84.13,74.27,40.06,21.85
2/22/2020,Visibility-Center,0.19,73.99,94.15,45.65,83.87,74.23,35.63,11.32
2/22/2020,Visibility-Center,0.22,73.96,93.85,51.98,83.93,74.20,44.84,50.46
2/23/2020,Visibility-Center,0.19,73.99,94.30,44.43,83.48,74.23,44.67,49.28
2/24/2020,Visibility-Center,19.80,19.80,19.80,42.63,19.80,19.80,0.00,88.10
2/25/2020,Visibility-Center,19.80,19.80,19.80,38.17,19.80,19.80,0.00,88.10
2/26/2020,Visibility-Center,19.80,19.80,19.80,34.68,19.80,19.80,59.76,88.10
2/27/2020,Visibility-Center,19.80,19.80,19.80,19.80,19.80,19.80,59.13,87.93
3/1/2020,Visibility-Center,19.80,19.80,19.80,19.80,19.80,19.80,59.04,87.93
3/2/2020,Visibility-Center,19.80,19.80,19.80,19.80,19.80,19.80,58.33,87.93
3/3/2020,Visibility-Center,19.80,19.80,19.80,19.80,19.80,19.80,57.69,87.93
3/4/2020,Visibility-Center,19.80,19.80,19.80,19.80,19.80,19.80,57.12,87.93
3/5/2020,Visibility-Center,19.80,19.80,19.80,19.80,19.80,19.80,55.96,86.58
3/6/2020,Visibility-Center,19.80,19.80,19.80,19.80,19.80,19.80,49.84,82.37
3/6/2020,Visibility-Center,19.80,18.65,19.80,19.80,19.80,19.80,50.91,82.48
3/7/2020,Visibility-Center,19.80,19.80,19.80,19.80,19.80,19.80,55.62,86.58
3/8/2020,Visibility-Center,19.80,19.80,19.80,19.80,19.80,85.26,77.85,166.93
3/9/2020,Visibility-Center,19.80,19.80,19.80,19.80,19.80,19.80,54.35,86.58
3/10/2020,Visibility-Center,19.80,16.93,19.80,19.80,19.80,19.80,50.63,82.38
3/11/2020,Visibility-Center,19.80,19.80,19.80,19.80,19.80,19.80,48.74,82.13
3/11/2020,Visibility-Center,19.80,19.80,19.80,34.67,19.80,19.80,54.25,86.05
3/27/2020,Visibility-Center,19.80,19.80,19.80,19.80,19.80,19.80,54.03,85.95
3/28/2020,Visibility-Center,19.80,19.80,19.80,19.80,19.80,19.80,53.93,83.23
3/29/2020,Visibility-Center,19.80,19.80,19.80,19.80,19.80,19.80,53.02,83.11
3/30/2020,Visibility-Center,19.80,19.80,19.80,19.80,19.80,19.80,52.84,82.82
3/31/2020,Visibility-Center,19.80,19.80,19.80,19.80,19.80,19.80,52.70,82.79
4/1/2020,Visibility-Center,19.80,19.80,19.80,32.22,19.80,19.80,52.39,82.65
4/2/2020,Visibility-Center,19.80,19.80,19.80,29.25,19.80,19.80,51.92,82.53
4/3/2020,Visibility-Center,19.80,19.80,19.80,23.08,19.80,19.80,19.80,22.10
4/5/2020,Visibility-Center,19.80,19.80,19.80,19.80,19.80,19.80,19.80,19.80
4/7/2020,Visibility-Center,19.80,19.80,19.80,19.80,19.80,19.80,19.80,21.85
4/7/2020,Visibility-Center,19.80,19.80,19.80,19.80,19.80,63.62,76.71,188.52
4/8/2020,Visibility-Center,19.80,19.80,19.80,19.80,19.80,19.80,19.80,21.82
4/9/2020,Visibility-Center,19.80,19.80,19.80,19.80,19.80,19.80,19.80,19.80
4/10/2020,Visibility-Center,19.80,19.80,19.80,73.62,19.80,19.80,19.80,19.80
4/11/2020,Visibility-Center,19.80,19.80,19.80,73.62,19.80,19.80,19.80,13.43
4/12/2020,Visibility-Center,19.80,19.80,19.80,73.62,19.80,19.80,19.80,11.32
4/12/2020,Visibility-Center,19.80,19.80,19.80,19.80,19.80,19.80,19.80,39.47
4/13/2020,Visibility-Center,0.20,75.91,92.24,130.93,81.77,84.14,76.16,56.75
4/13/2020,Visibility-Center,0.20,75.91,92.24,130.93,81.79,84.14,76.16,56.75
4/13/2020,Visibility-Center,0.20,75.91,92.24,130.93,81.82,84.14,76.16,56.75
4/13/2020,Visibility-Center,0.21,75.87,91.81,130.77,80.40,83.74,76.11,63.47
4/13/2020,Visibility-Center,0.21,75.87,91.81,130.77,81.23,83.74,76.11,63.47
4/13/2020,Visibility-Center,0.21,75.87,91.81,130.77,81.30,83.74,76.11,63.47
4/14/2020,Visibility-Center,0.19,75.90,93.15,131.41,81.87,84.27,76.16,54.82
4/14/2020,Visibility-Center,0.21,75.87,91.41,131.48,82.81,85.02,76.11,69.72
4/15/2020,Visibility-Center,0.19,75.90,97.42,131.91,82.94,85.71,76.16,49.03
4/15/2020,Visibility-Center,0.26,75.81,91.44,131.63,0.51,84.77,76.12,57.83
4/16/2020,Visibility-Center,0.20,75.90,91.91,127.92,82.95,86.42,76.16,53.31
4/16/2020,Visibility-Center,0.21,75.87,91.24,127.25,82.90,85.57,76.11,61.15
4/17/2020,Visibility-Center,0.33,75.86,89.77,115.60,1.14,85.26,76.14,39.06
4/17/2020,Visibility-Center,0.19,75.89,90.54,114.05,19.80,85.88,76.16,41.11
4/18/2020,Visibility-Center,0.22,75.86,88.08,130.06,82.76,84.98,76.11,52.53
4/18/2020,Visibility-Center,0.19,75.90,88.38,129.70,82.90,85.64,76.16,54.32
4/19/2020,Visibility-Center,0.19,75.98,95.85,129.36,82.89,85.57,76.24,54.66
4/19/2020,Visibility-Center,0.21,75.92,94.75,129.29,82.88,85.39,76.17,69.65
4/20/2020,Visibility-Center,0.19,75.90,99.38,128.48,82.96,86.44,76.16,50.20
4/20/2020,Visibility-Center,0.21,75.87,99.45,128.32,82.86,85.22,76.12,63.17
4/21/2020,Visibility-Center,0.20,75.90,101.45,129.76,81.88,84.59,76.16,45.79
4/21/2020,Visibility-Center,0.21,75.87,102.15,129.73,82.64,84.69,76.11,48.39
4/22/2020,Visibility-Center,0.19,75.90,88.17,130.93,82.93,85.65,76.16,50.93
4/22/2020,Visibility-Center,0.21,75.86,88.55,130.63,81.87,84.32,76.11,62.31
4/23/2020,Visibility-Center,0.19,75.90,88.08,100.63,82.94,85.71,76.16,59.11
4/23/2020,Visibility-Center,0.22,75.86,88.49,99.62,82.75,84.87,76.11,60.67
4/24/2020,Visibility-Center,0.20,75.63,88.50,130.92,82.48,84.63,75.89,55.39
4/24/2020,Visibility-Center,0.21,75.55,88.08,130.87,81.51,84.03,75.79,62.84
4/25/2020,Visibility-Center,0.21,16.93,19.76,29.25,19.80,18.81,16.98,88.10
4/25/2020,Visibility-Center,0.19,18.65,21.78,32.22,53.03,20.70,18.71,88.10
4/26/2020,Visibility-Center,0.20,40.22,46.78,70.16,53.52,45.55,40.35,30.43
4/26/2020,Visibility-Center,0.22,42.77,50.03,74.70,77.99,47.47,42.91,31.53
4/27/2020,Visibility-Center,0.22,75.87,88.72,139.27,81.44,83.76,76.11,58.89
4/27/2020,Visibility-Center,0.19,75.91,88.68,139.43,82.56,84.64,76.15,70.08
4/29/2020,Visibility-Center,0.21,85.85,89.82,135.70,207.96,85.06,86.39,37.98
4/29/2020,Visibility-Center,0.19,87.04,90.80,135.80,205.29,86.66,87.96,50.39
4/30/2020,Visibility-Center,0.21,85.89,89.24,102.23,212.14,86.58,85.57,45.11
4/30/2020,Visibility-Center,0.20,84.97,91.44,104.05,209.91,86.50,84.63,47.55
5/1/2020,Visibility-Center,0.22,125.88,88.54,95.02,230.00,87.06,121.34,46.29
5/1/2020,Visibility-Center,0.23,122.45,91.68,98.51,230.86,86.94,122.14,50.88
5/2/2020,Visibility-Center,0.20,79.47,91.45,42.63,207.72,87.71,79.77,48.15
5/2/2020,Visibility-Center,0.22,79.48,88.55,45.65,211.44,87.73,79.56,61.80
5/3/2020,Visibility-Center,0.21,78.64,88.96,105.43,225.55,86.92,78.88,53.06
5/3/2020,Visibility-Center,0.20,78.67,91.02,106.58,224.50,87.13,79.00,62.15
5/4/2020,Visibility-Center,0.22,78.63,88.64,111.68,235.34,86.98,78.88,57.96
5/4/2020,Visibility-Center,0.20,78.67,91.02,112.86,227.93,87.15,78.90,60.72
5/5/2020,Visibility-Center,0.21,78.62,88.56,104.21,224.28,86.67,78.88,57.52
5/5/2020,Visibility-Center,0.37,78.66,91.71,105.11,225.97,87.09,78.91,64.09
5/6/2020,Visibility-Center,0.20,78.81,91.15,102.19,228.21,87.23,78.90,55.04
5/6/2020,Visibility-Center,0.22,78.63,88.72,101.91,225.62,87.93,78.89,57.06
5/7/2020,Visibility-Center,0.20,78.67,93.15,131.06,226.85,85.70,79.09,52.23
5/7/2020,Visibility-Center,0.21,78.63,89.49,130.81,226.00,85.58,78.89,58.40
5/8/2020,Visibility-Center,0.20,78.67,92.77,133.82,230.86,86.91,78.91,58.02
5/8/2020,Visibility-Center,0.22,78.64,87.98,133.67,227.82,87.16,78.88,59.73
5/9/2020,Visibility-Center,0.19,78.67,91.64,61.07,196.15,87.57,78.90,54.89
5/9/2020,Visibility-Center,0.29,78.63,88.58,62.58,197.58,87.31,78.88,55.90
5/12/2020,Visibility-Center,0.25,78.65,89.10,130.59,208.28,86.81,79.02,60.05
5/12/2020,Visibility-Center,0.22,78.69,91.13,130.93,208.07,87.20,78.92,60.72
5/13/2020,Visibility-Center,0.25,78.67,92.49,128.30,149.92,92.81,78.90,52.46
5/13/2020,Visibility-Center,0.26,78.66,89.52,127.89,157.04,92.83,79.00,61.21
5/14/2020,Visibility-Center,0.22,78.66,94.86,96.17,184.16,91.17,78.89,56.99
5/14/2020,Visibility-Center,0.27,78.67,92.10,95.10,188.12,91.63,78.90,63.53
5/15/2020,Visibility-Center,0.22,78.66,92.76,133.75,204.89,92.57,78.89,53.74
5/15/2020,Visibility-Center,0.26,78.66,90.20,133.83,199.82,93.62,78.90,58.91
5/16/2020,Visibility-Center,0.22,78.66,93.31,75.43,207.83,92.30,78.89,58.87
5/16/2020,Visibility-Center,0.29,78.66,93.48,70.73,207.65,92.84,78.90,60.09
5/17/2020,Visibility-Center,0.22,78.66,96.23,70.56,198.45,86.81,78.89,58.19
5/17/2020,Visibility-Center,0.27,78.66,96.43,68.06,198.05,86.97,78.90,65.83
5/18/2020,Visibility-Center,0.22,78.66,88.20,97.50,190.72,86.94,78.89,60.45
5/18/2020,Visibility-Center,0.27,78.67,87.64,101.74,192.65,86.91,78.89,66.52
5/19/2020,Visibility-Center,0.26,78.60,92.10,138.00,212.00,86.20,78.90,236.00
5/21/2020,Visibility-Center,0.22,78.66,92.66,75.02,0.23,86.75,78.89,51.73
5/21/2020,Visibility-Center,0.27,78.66,92.31,74.77,82.96,86.56,78.90,63.38
5/22/2020,Visibility-Center,0.22,78.65,92.65,64.96,104.30,86.64,78.89,61.46
5/22/2020,Visibility-Center,0.26,78.67,92.24,61.44,109.34,86.61,78.89,64.65
5/24/2020,Visibility-Center,0.26,78.66,93.72,113.44,216.44,86.91,78.89,61.42
5/24/2020,Visibility-Center,0.22,78.65,94.14,114.72,209.82,86.66,78.89,61.91
5/25/2020,Visibility-Center,0.21,78.66,94.29,93.16,198.45,86.62,78.89,58.38
5/25/2020,Visibility-Center,0.26,78.66,93.86,89.31,205.51,86.74,79.08,74.66
5/26/2020,Visibility-Center,0.23,78.65,94.05,23.08,201.28,86.63,78.89,54.68
5/26/2020,Visibility-Center,0.26,78.66,94.02,24.72,210.40,86.62,78.90,54.88
5/27/2020,Visibility-Center,0.21,78.65,94.07,68.20,169.43,86.69,78.89,49.83
5/27/2020,Visibility-Center,0.26,78.66,94.27,71.05,175.84,86.61,78.89,66.52
5/29/2020,Visibility-Center,0.21,78.66,94.46,132.03,195.01,86.66,78.89,50.32
5/29/2020,Visibility-Center,0.26,78.66,94.61,131.88,200.69,86.63,78.90,70.15
5/30/2020,Visibility-Center,0.21,78.65,94.21,67.64,190.56,86.83,78.89,60.54
5/30/2020,Visibility-Center,0.25,78.67,94.83,63.98,199.43,86.93,78.90,62.19
5/31/2020,Visibility-Center,0.21,78.70,93.90,137.00,212.00,85.90,78.80,33.71
6/2/2020,Visibility-Center,0.21,78.65,94.32,135.87,210.28,86.68,78.89,55.69
6/2/2020,Visibility-Center,0.26,78.66,93.05,135.92,213.79,86.60,78.90,56.44
6/3/2020,Visibility-Center,0.21,78.66,96.69,138.74,201.45,113.85,78.89,56.00
6/3/2020,Visibility-Center,0.27,78.67,97.46,138.71,210.11,115.11,78.90,65.21
6/5/2020,Visibility-Center,0.21,81.27,94.43,130.84,194.70,87.51,81.43,53.01
6/5/2020,Visibility-Center,0.28,81.10,95.61,130.59,195.29,87.97,82.24,58.61
6/6/2020,Visibility-Center,0.23,78.64,91.50,129.25,189.09,86.62,78.88,54.70
6/6/2020,Visibility-Center,0.26,78.65,98.46,129.98,196.03,86.76,78.89,57.83
6/7/2020,Visibility-Center,0.21,78.65,92.39,134.30,194.39,86.81,78.89,55.34
6/7/2020,Visibility-Center,0.21,78.65,92.39,134.30,194.39,86.81,78.89,55.34
6/7/2020,Visibility-Center,0.33,78.65,94.58,134.48,201.25,86.76,78.90,69.63
6/7/2020,Visibility-Center,0.33,78.65,94.58,134.48,201.25,86.76,78.90,69.63
6/8/2020,Visibility-Center,0.21,70.04,84.05,117.26,166.47,77.31,70.37,39.17
6/8/2020,Visibility-Center,0.21,70.04,84.05,117.26,166.47,77.31,70.37,39.17
6/8/2020,Visibility-Center,0.21,70.04,84.05,117.26,166.47,77.31,70.37,44.82
6/8/2020,Visibility-Center,0.21,70.04,84.05,117.26,166.47,77.31,70.37,44.82
6/8/2020,Visibility-Center,0.26,68.83,82.21,115.15,163.46,76.04,69.03,47.63
6/8/2020,Visibility-Center,0.26,68.83,82.21,115.15,163.46,76.04,69.03,47.63
6/8/2020,Visibility-Center,0.26,68.83,82.21,115.15,163.46,76.04,69.03,47.63
6/8/2020,Visibility-Center,0.26,68.83,82.21,115.15,163.46,76.04,69.03,47.63
6/8/2020,Visibility-Center,0.21,70.04,84.05,117.26,166.47,77.31,70.37,48.29
6/8/2020,Visibility-Center,0.26,68.83,82.21,115.15,163.46,76.04,69.03,55.34
6/9/2020,Visibility-Center,0.21,78.66,94.21,131.04,199.93,86.65,78.89,55.28
6/9/2020,Visibility-Center,0.21,78.66,94.21,131.04,199.93,86.65,78.89,55.28
6/9/2020,Visibility-Center,0.25,78.67,94.10,130.97,200.55,86.87,78.90,55.91
6/9/2020,Visibility-Center,0.25,78.67,94.10,130.97,200.55,86.87,78.90,55.91
6/10/2020,Visibility-Center,0.21,78.65,94.51,128.66,184.59,86.68,78.88,57.23
6/10/2020,Visibility-Center,0.26,78.67,94.28,128.09,186.90,86.73,78.90,57.40
6/11/2020,Visibility-Center,0.22,78.65,94.24,129.36,119.53,86.71,78.89,42.56
6/11/2020,Visibility-Center,0.22,78.65,94.24,129.36,119.53,86.71,78.89,42.56
6/11/2020,Visibility-Center,0.27,78.67,94.36,128.88,113.35,86.72,78.90,55.95
6/11/2020,Visibility-Center,0.27,78.67,94.36,128.88,113.35,86.72,78.90,55.95
6/12/2020,Visibility-Center,0.23,78.65,94.88,131.81,1.58,86.78,78.88,58.23
6/12/2020,Visibility-Center,0.23,78.65,94.88,131.81,8.03,86.78,78.88,58.23
6/12/2020,Visibility-Center,0.30,78.66,94.11,131.86,0.51,86.76,78.89,67.24
6/12/2020,Visibility-Center,0.30,78.66,94.11,131.86,1.14,86.76,78.89,67.24
6/13/2020,Visibility-Center,0.27,119.81,96.25,131.27,109.10,86.77,119.53,51.38
6/13/2020,Visibility-Center,0.27,119.81,96.25,131.27,109.10,86.77,119.53,51.38
6/13/2020,Visibility-Center,0.22,115.12,96.62,131.46,104.25,86.85,115.07,57.37
6/13/2020,Visibility-Center,0.22,115.12,96.62,131.46,104.25,86.85,115.07,57.37
6/14/2020,Visibility-Center,0.25,224.85,94.12,103.22,194.72,86.84,215.50,54.21
6/14/2020,Visibility-Center,0.25,224.85,94.12,103.22,194.72,86.84,215.50,54.21
6/14/2020,Visibility-Center,0.25,224.85,94.12,103.22,194.72,86.84,215.50,54.21
6/14/2020,Visibility-Center,0.25,224.85,94.12,103.22,194.72,86.84,215.50,54.21
6/14/2020,Visibility-Center,0.21,222.39,93.96,103.17,195.08,86.76,220.16,60.48
6/14/2020,Visibility-Center,0.21,222.39,93.96,103.17,195.08,86.76,220.16,60.48
6/14/2020,Visibility-Center,0.21,222.39,93.96,103.17,195.08,86.76,220.16,60.48
6/14/2020,Visibility-Center,0.21,222.39,93.96,103.17,195.08,86.76,220.16,60.48
6/15/2020,Visibility-Center,0.21,150.74,94.15,73.82,187.27,86.71,149.58,49.51
6/15/2020,Visibility-Center,0.24,144.93,93.88,67.61,188.73,86.74,142.39,53.24
6/16/2020,Visibility-Center,0.25,78.15,93.91,63.15,177.78,86.13,78.38,54.86
6/16/2020,Visibility-Center,0.22,78.12,94.21,60.84,174.64,86.58,78.37,63.81
6/17/2020,Visibility-Center,0.25,78.15,93.80,129.40,191.51,86.73,77.18,54.61
6/17/2020,Visibility-Center,0.21,77.99,93.96,129.65,187.65,86.69,77.87,62.30
6/18/2020,Visibility-Center,0.20,78.10,57.15,130.50,164.00,87.10,78.10,36.06
6/19/2020,Visibility-Center,0.25,78.15,91.18,130.32,202.46,86.68,78.13,54.40
6/19/2020,Visibility-Center,0.22,78.14,90.46,130.28,199.00,86.73,78.11,56.28
6/22/2020,Visibility-Center,0.21,78.12,96.75,122.09,201.41,86.78,78.10,59.78
6/22/2020,Visibility-Center,0.24,78.17,96.37,121.66,203.12,87.14,77.99,67.30
6/23/2020,Visibility-Center,0.21,76.96,96.39,137.87,184.84,86.78,76.94,51.62
6/23/2020,Visibility-Center,0.24,76.94,96.18,137.77,185.75,86.71,76.75,64.50
6/26/2020,Visibility-Center,0.21,78.31,96.77,135.34,207.54,86.76,78.30,44.30
6/26/2020,Visibility-Center,0.24,78.33,96.44,135.32,205.95,86.83,78.20,53.35
6/29/2020,Visibility-Center,0.22,75.57,95.51,101.57,190.71,83.89,75.55,50.65
6/29/2020,Visibility-Center,0.22,75.57,95.51,101.57,190.71,83.89,75.55,50.65
6/29/2020,Visibility-Center,0.25,75.58,95.19,100.85,185.37,83.88,75.57,51.34
6/29/2020,Visibility-Center,0.25,75.58,95.19,100.85,185.37,83.88,75.57,51.34
6/30/2020,Visibility-Center,0.25,75.15,95.34,135.87,188.21,83.95,75.13,49.65
6/30/2020,Visibility-Center,0.21,75.13,96.24,135.91,190.58,83.88,75.12,54.46
7/1/2020,Visibility-Center,0.22,75.07,94.44,134.69,159.98,83.98,75.05,58.41
7/1/2020,Visibility-Center,0.24,75.10,94.34,134.65,154.43,83.93,75.12,59.79
7/2/2020,Visibility-Center,0.21,75.30,92.13,135.55,164.66,83.99,75.51,51.82
7/2/2020,Visibility-Center,0.28,75.56,92.52,135.39,157.97,84.02,75.65,61.51
7/3/2020,Visibility-Center,0.21,75.41,91.50,110.61,167.74,83.70,75.50,53.63
7/3/2020,Visibility-Center,0.24,75.28,91.51,109.09,162.12,84.08,75.78,59.30
7/4/2020,Visibility-Center,0.21,76.11,91.61,130.67,148.30,84.00,76.09,54.44
7/4/2020,Visibility-Center,0.24,76.15,91.35,130.63,141.53,83.97,76.11,62.32
7/5/2020,Visibility-Center,0.21,76.11,92.08,123.60,171.55,83.97,76.10,50.28
7/5/2020,Visibility-Center,0.21,76.11,92.08,123.60,171.55,83.97,76.10,50.28
7/5/2020,Visibility-Center,0.21,76.11,92.08,123.60,171.55,83.97,76.10,50.28
7/5/2020,Visibility-Center,0.21,76.11,92.08,123.60,171.55,83.97,76.10,50.28
7/5/2020,Visibility-Center,0.21,76.11,92.08,123.60,171.55,83.97,76.10,50.28
7/5/2020,Visibility-Center,0.21,76.11,92.08,123.60,171.55,83.97,76.10,50.28
7/5/2020,Visibility-Center,0.24,76.13,92.68,124.11,165.61,83.98,76.12,66.07
7/5/2020,Visibility-Center,0.24,76.13,92.68,124.11,165.61,83.98,76.12,66.07
7/5/2020,Visibility-Center,0.24,76.13,92.68,124.11,165.61,83.98,76.12,66.07
7/5/2020,Visibility-Center,0.24,76.13,92.68,124.11,165.61,83.98,76.12,66.07
7/5/2020,Visibility-Center,0.24,76.13,92.68,124.11,165.61,83.98,76.12,66.07
7/5/2020,Visibility-Center,0.24,76.13,92.68,124.11,165.61,83.98,76.12,66.07
7/6/2020,Visibility-Center,0.24,76.14,91.82,132.33,163.35,83.85,76.11,55.78
7/6/2020,Visibility-Center,0.21,76.11,91.96,132.35,168.57,83.92,75.95,58.44
7/7/2020,Visibility-Center,0.24,76.14,91.70,121.30,136.71,83.95,76.12,55.84
7/7/2020,Visibility-Center,0.24,76.11,92.36,119.77,143.65,83.88,76.09,59.42
7/8/2020,Visibility-Center,0.21,75.96,92.09,107.20,156.48,83.82,75.95,55.98
7/8/2020,Visibility-Center,0.24,75.99,92.44,106.18,144.67,83.88,75.96,58.57
7/9/2020,Visibility-Center,0.21,75.04,91.60,130.58,168.98,83.97,75.00,55.25
7/9/2020,Visibility-Center,0.24,75.00,91.08,130.39,159.54,83.99,74.99,66.86
7/10/2020,Visibility-Center,0.24,75.67,91.52,129.65,155.87,83.90,75.70,52.96
7/10/2020,Visibility-Center,0.22,75.65,92.14,130.04,166.34,83.96,75.62,54.22
7/11/2020,Visibility-Center,0.21,75.64,96.93,129.25,170.94,83.99,75.61,54.52
7/11/2020,Visibility-Center,0.34,75.66,95.43,128.94,159.70,84.21,75.78,54.73
7/12/2020,Visibility-Center,0.21,75.64,90.32,95.43,171.44,83.92,75.61,52.93
7/12/2020,Visibility-Center,0.24,75.67,90.83,93.30,160.75,83.89,75.65,58.88
7/13/2020,Visibility-Center,0.24,75.66,91.14,114.00,161.05,83.78,75.65,55.10
7/13/2020,Visibility-Center,0.22,75.64,91.30,111.07,169.73,83.91,75.62,56.67
7/14/2020,Visibility-Center,0.22,75.92,91.23,94.62,171.19,84.10,75.89,58.09
7/14/2020,Visibility-Center,0.25,75.95,91.11,94.91,162.33,83.91,75.93,65.22
7/15/2020,Visibility-Center,0.22,76.27,91.99,136.83,185.10,87.27,76.25,47.53
7/15/2020,Visibility-Center,0.32,76.31,91.73,136.89,176.08,87.25,76.28,68.67
7/16/2020,Visibility-Center,0.16,76.44,92.36,133.47,173.36,83.98,76.43,48.54
7/16/2020,Visibility-Center,0.22,76.34,92.25,133.30,174.84,84.06,76.49,58.60
7/17/2020,Visibility-Center,0.24,75.16,92.42,130.64,161.50,85.24,75.80,52.96
7/17/2020,Visibility-Center,0.21,75.67,92.52,130.58,169.01,86.73,75.78,56.33
7/18/2020,Visibility-Center,0.24,75.59,92.88,102.03,160.94,85.87,75.58,62.89
7/18/2020,Visibility-Center,0.22,75.57,92.81,103.48,168.95,85.98,75.54,65.04
7/19/2020,Visibility-Center,0.25,75.60,92.33,131.15,181.08,85.68,75.58,56.04
7/19/2020,Visibility-Center,0.21,75.57,92.24,131.18,182.85,85.85,75.56,69.30
7/21/2020,Visibility-Center,0.25,75.58,92.40,130.77,159.99,85.92,75.57,55.01
7/21/2020,Visibility-Center,0.26,75.56,92.07,130.64,166.45,85.93,75.53,57.57
7/22/2020,Visibility-Center,0.22,75.71,92.25,107.03,162.30,85.81,75.70,48.07
7/22/2020,Visibility-Center,0.25,75.67,92.49,110.65,157.81,85.86,75.65,63.58
7/23/2020,Visibility-Center,0.21,74.89,92.44,106.48,165.77,85.67,74.87,55.02
7/23/2020,Visibility-Center,0.24,75.04,92.98,104.65,159.53,85.90,74.71,63.07
7/24/2020,Visibility-Center,0.21,75.02,94.11,59.54,170.28,85.95,75.00,54.15
7/24/2020,Visibility-Center,0.25,75.04,94.33,55.63,166.73,85.95,75.01,59.39
7/25/2020,Visibility-Center,0.24,74.95,91.47,131.49,161.17,80.91,74.92,49.28
7/25/2020,Visibility-Center,0.21,74.92,91.31,130.59,167.52,81.92,74.91,54.76
7/26/2020,Visibility-Center,0.26,74.78,90.92,105.81,165.25,85.92,74.77,57.88
7/26/2020,Visibility-Center,0.24,74.81,91.64,105.82,158.90,86.19,74.79,66.55
7/27/2020,Visibility-Center,0.21,74.79,92.17,135.94,168.84,85.86,74.79,53.99
7/27/2020,Visibility-Center,0.25,74.82,92.39,135.96,165.65,85.87,74.82,57.16
7/28/2020,Visibility-Center,0.21,74.82,91.23,135.51,166.78,85.98,75.05,51.97
7/28/2020,Visibility-Center,0.24,74.84,91.74,135.39,159.36,86.02,75.07,54.14
7/29/2020,Visibility-Center,0.30,74.84,92.83,134.69,162.12,85.96,75.11,51.86
7/29/2020,Visibility-Center,0.21,74.82,93.03,134.87,169.70,85.94,75.05,52.97
7/30/2020,Visibility-Center,0.24,74.83,94.46,135.12,163.16,85.85,75.08,49.56
7/30/2020,Visibility-Center,0.21,74.81,93.32,135.10,169.41,86.09,75.05,50.97
7/31/2020,Visibility-Center,0.27,74.84,93.08,133.60,163.37,85.87,75.07,56.59
7/31/2020,Visibility-Center,0.22,74.82,92.66,133.48,168.91,85.96,75.05,61.61
8/1/2020,Visibility-Center,0.21,52.40,63.99,44.43,117.87,60.40,52.70,35.68
8/1/2020,Visibility-Center,0.25,50.15,62.04,38.17,110.10,57.76,50.63,36.59
8/2/2020,Visibility-Center,0.25,74.89,94.13,80.07,178.06,86.38,75.05,60.37
8/2/2020,Visibility-Center,0.28,74.81,91.60,79.79,182.80,86.26,75.04,73.15
8/5/2020,Visibility-Center,0.24,74.83,93.62,131.30,162.29,85.67,75.07,55.18
8/5/2020,Visibility-Center,0.21,74.81,92.56,131.31,167.52,85.61,75.06,62.72
8/6/2020,Visibility-Center,0.23,74.83,93.39,62.49,165.02,85.74,75.07,54.52
8/6/2020,Visibility-Center,0.22,74.82,93.59,68.55,166.85,85.70,75.05,55.76
8/7/2020,Visibility-Center,0.25,74.83,93.86,117.18,163.23,85.86,75.06,50.46
8/7/2020,Visibility-Center,0.21,74.81,93.79,118.22,167.23,85.85,75.05,52.63
8/8/2020,Visibility-Center,0.21,74.81,93.53,95.85,167.42,86.00,75.05,51.47
8/8/2020,Visibility-Center,0.24,74.68,94.46,96.24,162.34,85.71,75.07,60.05
8/9/2020,Visibility-Center,0.25,74.84,101.06,135.14,168.59,85.63,75.08,22.98
8/9/2020,Visibility-Center,0.22,74.83,93.09,135.14,164.51,86.47,75.04,40.49
8/17/2020,Visibility-Center,0.21,74.69,94.80,126.26,168.19,84.36,75.06,42.49
8/17/2020,Visibility-Center,0.25,74.86,94.96,128.61,162.71,84.26,74.92,51.81
8/19/2020,Visibility-Center,0.21,74.83,96.86,132.39,165.67,84.06,75.06,83.80
8/19/2020,Visibility-Center,0.25,74.85,99.60,132.36,156.54,83.90,75.07,135.91
8/20/2020,Visibility-Center,0.21,74.86,97.19,139.95,165.28,84.13,75.35,48.08
8/20/2020,Visibility-Center,0.22,74.56,97.21,139.65,158.72,83.78,75.44,60.24
8/23/2020,Visibility-Center,0.23,74.36,94.43,124.64,161.05,83.87,74.58,49.40
8/23/2020,Visibility-Center,0.25,74.37,94.38,122.96,156.12,83.88,74.59,62.72
8/24/2020,Visibility-Center,0.21,74.35,95.21,141.29,164.96,83.30,74.59,36.86
8/24/2020,Visibility-Center,0.22,74.37,105.68,141.31,156.22,83.37,74.62,42.19
8/26/2020,Visibility-Center,0.26,74.48,97.81,132.38,177.03,85.78,74.72,56.17
8/26/2020,Visibility-Center,0.24,74.51,99.88,132.38,172.22,85.47,74.74,60.44
8/27/2020,Visibility-Center,0.21,74.22,97.74,132.21,166.97,85.52,74.59,54.30
8/27/2020,Visibility-Center,0.24,74.37,98.85,131.93,161.03,85.75,74.60,55.35
8/28/2020,Visibility-Center,0.21,74.22,99.02,109.08,164.46,85.74,74.59,55.82
8/28/2020,Visibility-Center,0.24,74.22,99.69,106.76,161.83,85.59,74.60,57.64
8/29/2020,Visibility-Center,0.24,74.32,97.98,122.78,164.62,85.85,74.68,56.98
8/29/2020,Visibility-Center,0.22,74.45,96.98,121.82,168.91,85.91,74.67,58.10
8/30/2020,Visibility-Center,0.21,74.36,96.63,130.03,166.40,81.25,74.46,48.34
8/30/2020,Visibility-Center,0.25,74.38,97.27,130.05,162.29,80.52,74.60,61.32
8/31/2020,Visibility-Center,0.25,74.38,95.86,99.59,166.03,85.64,74.61,49.91
8/31/2020,Visibility-Center,0.21,74.35,95.05,100.47,165.75,85.71,74.46,56.20
9/1/2020,Visibility-Center,0.25,74.37,93.27,134.49,166.92,86.03,74.61,51.86
9/1/2020,Visibility-Center,0.21,74.22,91.99,134.41,172.52,85.68,74.59,64.80
9/2/2020,Visibility-Center,0.22,74.08,92.79,116.76,168.08,85.53,74.60,54.22
9/2/2020,Visibility-Center,0.24,74.37,97.70,114.02,162.75,85.64,74.61,56.28
9/3/2020,Visibility-Center,0.22,74.35,96.70,108.13,170.30,85.64,74.59,47.05
9/3/2020,Visibility-Center,0.24,74.38,97.32,107.95,162.97,85.53,74.61,55.68
9/4/2020,Visibility-Center,0.24,74.37,97.84,95.76,160.29,88.91,74.67,49.98
9/4/2020,Visibility-Center,0.22,74.35,97.81,95.97,165.54,88.24,74.59,58.33
9/5/2020,Visibility-Center,0.21,74.35,96.92,92.25,167.07,85.73,74.55,54.03
9/5/2020,Visibility-Center,0.24,74.37,97.51,90.87,162.63,85.52,74.57,55.79
9/6/2020,Visibility-Center,0.21,74.35,95.37,64.16,169.64,85.55,74.44,49.81
9/6/2020,Visibility-Center,0.26,74.38,95.32,59.94,165.18,85.65,74.59,56.85
9/7/2020,Visibility-Center,0.24,74.38,93.67,72.06,168.95,85.72,74.59,47.70
9/7/2020,Visibility-Center,0.21,74.35,93.87,71.29,170.37,85.76,74.44,51.80
9/8/2020,Visibility-Center,0.21,74.37,94.79,115.31,165.19,85.91,74.59,50.39
9/8/2020,Visibility-Center,0.24,74.39,95.81,117.32,157.62,85.77,74.61,62.33
9/9/2020,Visibility-Center,0.21,75.37,93.54,139.10,181.21,86.04,75.59,55.02
9/9/2020,Visibility-Center,0.24,75.24,93.83,139.13,184.32,86.15,75.62,55.34
9/10/2020,Visibility-Center,0.21,74.83,93.98,109.66,204.30,86.09,75.18,50.01
9/10/2020,Visibility-Center,0.25,74.97,94.28,108.46,184.65,85.96,75.20,59.49
9/11/2020,Visibility-Center,0.24,75.47,94.21,102.73,171.44,85.83,75.61,55.54
9/11/2020,Visibility-Center,0.21,75.45,95.11,102.44,178.75,86.24,75.54,57.40
9/12/2020,Visibility-Center,0.21,75.44,95.64,140.26,157.93,86.20,75.67,50.14
9/12/2020,Visibility-Center,0.25,75.46,94.99,140.24,157.86,86.06,75.68,58.66
9/13/2020,Visibility-Center,0.21,75.44,94.77,137.14,154.09,52.13,75.66,56.38
9/13/2020,Visibility-Center,0.24,75.46,94.54,137.34,154.06,51.86,75.67,57.72
9/14/2020,Visibility-Center,0.21,75.44,96.48,132.89,153.91,83.89,75.66,53.00
9/14/2020,Visibility-Center,0.24,75.46,95.86,133.07,152.59,83.80,75.68,53.19
9/15/2020,Visibility-Center,0.21,75.44,95.97,136.05,154.37,84.92,75.66,52.50
9/15/2020,Visibility-Center,0.24,75.46,94.01,136.03,154.32,84.94,75.68,54.91
9/16/2020,Visibility-Center,0.21,75.56,107.58,121.37,110.69,84.98,75.84,43.82
9/16/2020,Visibility-Center,0.32,75.73,107.01,124.14,108.34,84.90,75.65,45.44
9/17/2020,Visibility-Center,0.22,75.46,96.59,137.42,148.36,84.98,75.66,23.44
9/17/2020,Visibility-Center,0.37,75.50,95.48,137.17,147.40,84.77,75.47,29.31
9/18/2020,Visibility-Center,0.21,75.45,96.07,120.27,155.64,84.90,75.66,23.40
9/18/2020,Visibility-Center,0.26,75.47,93.83,118.71,155.24,84.88,75.68,26.96
9/19/2020,Visibility-Center,0.22,75.41,96.54,107.22,154.31,85.02,75.62,22.10
9/19/2020,Visibility-Center,0.24,75.42,95.51,110.35,154.87,85.04,75.63,33.71
9/20/2020,Visibility-Center,0.21,75.44,95.89,134.45,156.11,85.03,75.66,21.85
9/20/2020,Visibility-Center,0.24,75.46,95.94,134.51,156.46,85.02,75.68,25.50
9/21/2020,Visibility-Center,0.21,75.36,96.77,130.55,122.77,84.91,75.57,25.45
9/21/2020,Visibility-Center,0.24,75.21,95.22,130.49,124.33,84.95,75.58,25.67
9/22/2020,Visibility-Center,0.22,75.45,95.35,132.04,156.85,85.09,75.66,21.82
9/22/2020,Visibility-Center,0.26,75.46,93.14,132.27,156.67,85.19,75.60,33.42
9/23/2020,Visibility-Center,0.23,75.43,95.34,115.99,155.34,85.19,75.53,22.34
9/23/2020,Visibility-Center,0.24,75.45,98.19,115.43,156.56,85.24,75.65,30.53
9/24/2020,Visibility-Center,0.25,74.82,97.83,133.01,158.14,85.19,75.19,33.27
9/24/2020,Visibility-Center,0.21,74.93,93.76,133.04,156.78,85.16,75.14,33.75
9/25/2020,Visibility-Center,0.23,75.45,90.71,94.80,102.64,89.14,75.39,48.29
9/25/2020,Visibility-Center,0.24,75.47,91.00,94.01,102.49,87.09,75.69,58.27
9/26/2020,Visibility-Center,0.24,75.17,89.38,132.17,150.86,85.31,75.39,39.17
9/26/2020,Visibility-Center,0.21,75.19,90.28,132.33,150.30,85.27,75.41,44.82
9/27/2020,Visibility-Center,0.21,75.43,90.26,130.53,154.58,82.17,75.65,46.23
9/27/2020,Visibility-Center,0.25,75.45,90.62,130.32,155.23,82.26,75.42,57.45
9/28/2020,Visibility-Center,0.21,72.05,90.60,105.49,155.86,84.47,72.11,47.48
9/28/2020,Visibility-Center,0.24,71.40,90.82,103.62,157.60,84.54,71.62,52.28
9/29/2020,Visibility-Center,0.25,75.93,88.29,91.15,154.93,85.08,76.15,51.52
9/29/2020,Visibility-Center,0.21,75.90,88.62,91.48,154.46,85.07,76.12,53.31
9/30/2020,Visibility-Center,0.21,75.51,87.35,129.58,161.37,84.72,75.84,41.00
9/30/2020,Visibility-Center,0.24,75.91,87.22,130.10,162.30,85.08,76.15,55.43
10/1/2020,Visibility-Center,0.21,75.99,85.73,130.57,172.56,85.11,76.01,46.86
10/1/2020,Visibility-Center,0.24,76.05,85.67,130.72,171.73,85.21,76.06,52.11
10/2/2020,Visibility-Center,0.21,76.11,87.89,73.60,163.57,85.22,76.19,53.24
10/2/2020,Visibility-Center,0.26,76.16,88.04,72.06,161.93,85.62,76.29,63.64
10/3/2020,Visibility-Center,0.25,75.92,87.09,65.25,163.27,84.95,76.14,51.09
10/3/2020,Visibility-Center,0.21,75.90,87.21,68.20,166.38,85.20,76.12,51.21
10/7/2020,Visibility-Center,0.22,246.61,87.09,63.98,154.58,85.12,233.66,32.86
10/7/2020,Visibility-Center,0.26,247.18,87.09,64.16,155.18,85.01,245.88,54.54
10/11/2020,Visibility-Center,0.22,252.33,88.36,63.15,154.54,85.54,218.57,25.45
10/11/2020,Visibility-Center,0.30,250.98,87.75,64.30,156.43,85.52,169.87,36.82
10/13/2020,Visibility-Center,0.22,242.00,89.83,128.00,155.00,85.27,242.00,36.50
10/13/2020,Visibility-Center,0.27,242.50,89.78,128.00,155.00,85.62,243.00,73.17
10/15/2020,Visibility-Center,0.27,242.00,89.87,132.92,183.42,85.03,242.00,54.00
10/15/2020,Visibility-Center,0.22,241.00,89.84,133.00,169.67,85.44,241.83,54.58
10/17/2020,Visibility-Center,0.22,241.00,89.84,134.21,155.00,83.26,242.00,63.36
10/17/2020,Visibility-Center,0.29,223.79,89.81,134.07,155.14,83.37,241.14,78.57
10/19/2020,Visibility-Center,0.27,241.00,89.85,132.00,155.17,83.13,241.17,23.40
10/19/2020,Visibility-Center,0.22,241.00,89.86,132.14,155.00,83.60,242.00,62.86
10/21/2020,Visibility-Center,0.23,74.82,94.92,136.53,154.64,85.03,75.09,55.31
10/21/2020,Visibility-Center,0.27,74.79,94.51,136.53,154.99,85.05,75.05,68.26
10/22/2020,Visibility-Center,0.22,75.41,92.54,134.55,154.24,85.09,75.68,55.24
10/22/2020,Visibility-Center,0.27,75.38,92.57,134.48,154.73,85.14,75.63,70.76
10/23/2020,Visibility-Center,0.27,75.42,92.95,108.90,154.23,85.16,75.64,41.49
10/23/2020,Visibility-Center,0.22,75.41,93.39,109.23,159.49,85.08,75.68,42.60
10/24/2020,Visibility-Center,0.27,75.40,92.80,133.49,151.79,85.18,75.64,60.53
10/24/2020,Visibility-Center,0.22,75.42,92.90,133.49,150.97,85.18,75.67,64.12
10/25/2020,Visibility-Center,0.22,75.37,93.20,129.67,167.17,85.20,75.63,76.40
10/25/2020,Visibility-Center,0.27,75.34,93.23,128.78,175.16,85.26,75.59,77.25
10/26/2020,Visibility-Center,0.27,75.07,92.34,127.39,171.39,196.69,75.64,55.97
10/26/2020,Visibility-Center,0.22,76.19,93.66,127.39,175.03,169.64,75.68,70.21
10/27/2020,Visibility-Center,0.28,74.46,93.60,75.90,161.02,208.62,74.71,58.29
10/27/2020,Visibility-Center,0.22,74.51,93.47,75.38,160.29,210.57,74.76,63.14
10/28/2020,Visibility-Center,0.22,75.40,93.17,130.25,158.54,215.02,75.67,58.91
10/28/2020,Visibility-Center,0.27,75.38,93.25,130.26,160.03,241.33,75.65,60.42
10/29/2020,Visibility-Center,0.27,75.38,92.44,133.00,154.90,264.81,75.65,51.74
10/29/2020,Visibility-Center,0.22,75.42,93.55,133.00,154.18,221.84,75.68,61.71
10/30/2020,Visibility-Center,0.21,75.43,93.46,132.99,156.37,220.44,75.17,73.19
10/30/2020,Visibility-Center,0.26,75.38,93.63,132.98,156.04,233.60,75.66,74.83
10/31/2020,Visibility-Center,0.20,75.42,93.08,133.23,155.24,219.83,75.69,60.67
10/31/2020,Visibility-Center,0.25,75.38,93.40,133.24,155.10,217.10,75.65,61.78
11/1/2020,Visibility-Center,0.25,75.39,93.30,132.97,147.44,221.33,75.13,72.67
11/1/2020,Visibility-Center,0.20,75.42,93.37,133.08,148.32,225.39,75.69,74.21
11/2/2020,Visibility-Center,0.20,75.43,93.35,127.44,154.46,221.84,75.69,51.53
11/2/2020,Visibility-Center,0.25,75.37,93.44,127.44,155.55,221.33,75.65,67.29
11/3/2020,Visibility-Center,0.20,75.43,93.21,129.94,166.16,229.65,75.69,66.11
11/3/2020,Visibility-Center,0.25,75.39,93.30,129.94,167.26,218.48,75.65,66.19
11/4/2020,Visibility-Center,0.25,75.37,93.03,135.32,154.02,221.41,75.65,65.66
11/4/2020,Visibility-Center,0.20,75.49,93.36,135.54,155.00,221.63,75.68,77.07
11/6/2020,Visibility-Center,0.18,75.38,92.83,139.00,154.00,168.75,75.68,38.68
11/6/2020,Visibility-Center,0.19,75.40,92.93,139.00,155.00,174.50,75.65,116.25
11/20/2020,Visibility-Center,0.19,81.70,92.80,129.00,167.00,83.90,75.70,23.44
11/22/2020,Visibility-Center,0.27,75.45,87.70,135.00,167.50,84.00,75.65,110.00
11/22/2020,Visibility-Center,0.22,75.50,87.65,135.00,169.00,83.80,75.70,230.00
11/23/2020,Visibility-Center,0.22,75.48,88.15,135.61,167.28,83.71,75.71,45.41
11/23/2020,Visibility-Center,0.28,75.45,87.92,135.61,167.26,83.62,75.68,47.72
11/24/2020,Visibility-Center,0.28,75.43,88.45,133.10,167.16,83.62,75.68,57.99
11/24/2020,Visibility-Center,0.22,75.53,88.53,133.13,167.17,83.62,75.70,63.90
11/26/2020,Visibility-Center,0.27,75.62,88.04,106.70,167.15,85.22,75.89,39.47
11/26/2020,Visibility-Center,0.22,75.70,88.12,106.71,167.19,84.86,75.94,61.15
11/27/2020,Visibility-Center,0.27,75.70,88.83,125.36,172.40,83.41,75.89,48.70
11/27/2020,Visibility-Center,0.22,75.66,88.59,125.36,172.36,83.41,75.93,65.39
11/28/2020,Visibility-Center,0.28,75.38,89.35,130.22,166.86,83.76,75.65,52.12
11/28/2020,Visibility-Center,0.22,75.41,89.68,130.22,166.84,83.66,75.67,57.48
11/29/2020,Visibility-Center,0.28,75.38,89.63,131.00,165.06,82.23,75.69,45.81
11/29/2020,Visibility-Center,0.23,75.41,89.45,131.00,164.25,82.19,75.70,49.76
11/30/2020,Visibility-Center,0.22,75.45,91.66,132.03,166.14,83.24,75.70,57.60
11/30/2020,Visibility-Center,0.28,75.40,91.38,132.01,168.36,83.19,75.68,61.01
12/4/2020,Visibility-Center,0.27,75.44,92.92,137.00,165.17,83.15,75.71,52.77
12/4/2020,Visibility-Center,0.22,75.48,93.03,137.00,164.46,83.29,75.75,59.43
12/6/2020,Visibility-Center,0.27,75.89,94.04,138.65,164.35,83.50,76.12,48.03
12/6/2020,Visibility-Center,0.22,75.91,93.93,138.87,164.45,83.55,76.16,52.66
12/7/2020,Visibility-Center,0.22,75.94,93.52,114.78,165.13,83.37,76.20,36.06
12/7/2020,Visibility-Center,0.22,75.94,93.52,114.78,165.13,83.37,76.20,36.06
12/7/2020,Visibility-Center,0.27,75.89,93.25,114.79,161.77,83.38,76.13,51.53
12/7/2020,Visibility-Center,0.27,75.89,93.25,114.79,161.77,83.38,76.13,51.53
12/8/2020,Visibility-Center,0.27,74.83,93.12,137.43,160.28,83.32,75.35,46.74
12/8/2020,Visibility-Center,0.22,74.84,93.00,137.44,160.38,83.39,76.19,57.64
12/9/2020,Visibility-Center,0.09,75.86,90.94,93.04,165.41,83.45,76.12,55.90
12/9/2020,Visibility-Center,0.22,75.36,91.62,92.10,170.22,83.53,76.15,58.06
12/10/2020,Visibility-Center,0.09,73.70,90.59,135.49,162.48,82.79,73.96,57.40
12/10/2020,Visibility-Center,0.22,74.20,91.20,135.49,160.78,82.80,73.99,71.22
12/11/2020,Visibility-Center,0.09,64.79,91.16,115.34,161.98,83.25,76.06,31.81
12/11/2020,Visibility-Center,0.22,64.81,90.32,115.34,161.11,83.29,76.10,44.75
12/12/2020,Visibility-Center,0.09,75.79,90.38,134.47,159.67,83.43,76.07,45.19
12/12/2020,Visibility-Center,0.22,75.82,90.36,134.47,158.56,83.42,76.10,59.06
12/13/2020,Visibility-Center,0.09,75.79,90.31,134.04,155.90,87.60,76.06,51.28
12/13/2020,Visibility-Center,0.22,75.81,90.47,134.04,154.85,86.64,76.11,62.86
12/14/2020,Visibility-Center,0.09,75.80,90.22,34.67,156.48,83.05,76.07,39.46
12/14/2020,Visibility-Center,0.22,75.82,94.98,34.68,157.40,83.02,76.10,47.53
12/15/2020,Visibility-Center,0.09,75.70,89.81,67.61,163.67,82.98,75.98,54.49
12/15/2020,Visibility-Center,0.22,75.73,90.98,68.06,164.17,83.60,76.02,54.78
12/16/2020,Visibility-Center,0.26,75.50,89.29,65.24,162.75,84.99,75.79,45.46
12/16/2020,Visibility-Center,0.22,75.54,90.80,67.64,164.02,85.99,75.83,56.26
12/17/2020,Visibility-Center,0.25,75.77,87.53,53.69,163.35,85.10,76.05,34.17
12/17/2020,Visibility-Center,0.20,75.81,86.91,53.80,166.25,85.02,76.10,41.47
12/18/2020,Visibility-Center,0.24,75.78,89.26,134.11,164.30,85.85,76.05,47.13
12/18/2020,Visibility-Center,0.20,75.81,89.73,134.20,164.92,93.66,76.10,56.28
12/20/2020,Visibility-Center,0.25,75.77,90.46,128.39,161.26,84.84,76.05,46.79
12/20/2020,Visibility-Center,0.20,75.81,90.48,128.39,163.17,87.29,76.10,67.20
12/21/2020,Visibility-Center,0.24,75.78,90.71,132.58,161.75,87.04,76.04,53.10
12/21/2020,Visibility-Center,0.20,75.81,90.98,132.54,163.22,88.23,76.10,53.73
12/22/2020,Visibility-Center,0.20,75.79,90.41,133.83,165.43,87.40,76.09,43.78
12/22/2020,Visibility-Center,0.25,74.69,89.26,131.94,161.06,86.14,74.96,44.66
12/23/2020,Visibility-Center,0.25,75.84,89.69,76.60,161.24,82.24,76.12,55.09
12/23/2020,Visibility-Center,0.20,75.89,90.71,76.60,162.89,85.24,76.17,56.53
12/24/2020,Visibility-Center,0.25,75.91,91.24,130.98,164.03,74.69,76.20,51.42
12/24/2020,Visibility-Center,0.20,75.98,89.55,130.98,164.97,75.01,76.27,58.72
12/25/2020,Visibility-Center,0.20,75.97,88.43,109.42,129.13,50.69,76.52,36.39
12/25/2020,Visibility-Center,0.24,75.93,88.32,109.30,128.08,50.67,76.20,46.74
12/26/2020,Visibility-Center,0.25,75.92,88.42,135.01,161.82,152.79,76.19,47.93
12/26/2020,Visibility-Center,0.20,75.97,87.22,135.02,163.26,153.98,76.27,63.58
12/27/2020,Visibility-Center,0.25,75.89,87.84,135.00,163.33,80.81,76.17,43.51
12/27/2020,Visibility-Center,0.20,75.94,88.02,135.95,164.67,83.10,76.23,59.92
12/28/2020,Visibility-Center,0.20,75.99,89.15,134.38,161.57,88.89,76.30,48.19
12/28/2020,Visibility-Center,0.24,75.92,88.55,134.36,163.55,86.08,76.21,59.09
12/29/2020,Visibility-Center,0.25,75.93,88.26,133.97,158.76,79.06,76.20,47.61
12/29/2020,Visibility-Center,0.20,75.99,88.20,134.02,155.00,83.88,76.27,49.13
12/30/2020,Visibility-Center,0.25,75.90,87.94,133.68,158.40,86.10,76.18,49.91
12/30/2020,Visibility-Center,0.20,75.96,88.12,133.90,155.22,83.45,76.26,55.58
12/31/2020,Visibility-Center,0.21,75.98,87.97,130.94,155.10,89.67,76.27,64.90
12/31/2020,Visibility-Center,0.24,75.92,87.85,130.58,157.15,86.56,76.20,66.92
1/1/2021,Visibility-Center,0.25,75.92,87.88,126.53,157.42,83.07,76.21,38.68
1/1/2021,Visibility-Center,0.20,75.99,87.86,127.46,157.54,83.46,76.27,42.69
1/2/2021,Visibility-Center,0.25,75.69,88.22,133.00,164.78,85.71,75.94,58.83
1/2/2021,Visibility-Center,0.20,75.70,89.16,133.01,162.65,84.75,76.01,60.44
1/3/2021,Visibility-Center,0.20,75.25,88.31,107.32,161.77,83.70,75.54,46.43
1/3/2021,Visibility-Center,0.25,75.20,88.39,107.15,163.40,83.15,75.48,48.83
1/4/2021,Visibility-Center,0.25,74.83,88.17,110.17,163.19,87.26,75.07,58.53
1/4/2021,Visibility-Center,0.20,74.87,88.07,110.17,161.03,84.13,75.13,76.30
1/5/2021,Visibility-Center,0.25,74.27,88.17,135.67,160.04,86.16,75.07,51.16
1/5/2021,Visibility-Center,0.20,74.33,88.21,135.68,157.52,86.20,75.13,66.26
1/6/2021,Visibility-Center,0.25,74.79,87.98,92.60,157.82,86.69,75.00,48.42
1/6/2021,Visibility-Center,0.22,74.84,88.26,92.66,154.26,84.84,75.06,54.54
1/7/2021,Visibility-Center,0.25,74.79,87.87,64.51,157.86,83.88,74.81,50.96
1/7/2021,Visibility-Center,0.11,74.84,87.91,73.61,156.57,83.10,74.99,93.67
1/8/2021,Visibility-Center,0.09,74.94,88.86,133.19,154.08,83.63,75.03,245.55
1/9/2021,Visibility-Center,0.09,76.58,94.61,134.22,227.54,84.51,76.89,232.78
1/10/2021,Visibility-Center,0.28,0.75,62.04,71.29,1.58,0.83,0.76,88.10
1/10/2021,Visibility-Center,0.09,77.55,96.65,109.58,169.76,85.87,77.85,245.36
1/11/2021,Visibility-Center,0.09,77.55,97.53,138.83,276.18,85.26,77.85,166.93
1/12/2021,Visibility-Center,0.09,48.14,62.04,87.78,184.37,53.19,48.33,22.34
1/14/2021,Visibility-Center,0.24,81.49,99.70,144.76,145.85,88.74,81.78,36.82
1/14/2021,Visibility-Center,0.20,81.55,99.99,144.78,145.62,88.99,81.85,36.86
1/18/2021,Visibility-Center,0.15,78.60,99.85,138.05,176.56,85.75,78.88,30.53
1/18/2021,Visibility-Center,0.23,78.55,99.64,138.78,171.84,85.82,78.87,32.86
1/21/2021,Visibility-Center,0.20,78.54,96.14,129.99,179.71,88.00,78.88,36.39
1/21/2021,Visibility-Center,0.19,78.55,96.21,130.02,192.22,88.06,78.84,36.50
1/23/2021,Visibility-Center,0.16,78.53,96.80,136.13,170.88,85.94,78.81,33.75
1/23/2021,Visibility-Center,0.15,78.50,96.45,136.10,167.51,86.06,78.79,36.06
1/24/2021,Visibility-Center,0.16,78.49,96.66,137.77,196.41,85.95,78.78,34.17
1/24/2021,Visibility-Center,0.15,78.50,96.63,137.78,188.65,86.00,78.77,35.68
1/25/2021,Visibility-Center,0.17,78.54,96.40,139.00,177.38,85.81,78.81,31.81
1/25/2021,Visibility-Center,0.16,78.50,96.66,139.00,172.00,85.86,78.77,33.27
1/27/2021,Visibility-Center,0.17,78.56,96.87,136.24,182.09,85.68,78.79,30.43
1/27/2021,Visibility-Center,0.16,78.50,96.89,136.16,176.67,85.79,78.79,31.53
1/31/2021,Visibility-Center,0.28,78.55,96.54,134.00,190.38,85.55,78.83,25.67
1/31/2021,Visibility-Center,0.22,78.58,96.54,134.00,188.13,85.58,78.88,29.31
2/2/2021,Visibility-Center,0.27,78.55,96.45,132.92,259.85,85.55,78.81,25.50
2/2/2021,Visibility-Center,0.22,78.59,96.65,133.00,264.57,85.89,78.88,33.42
2/4/2021,Visibility-Center,0.27,78.58,96.65,70.16,176.83,85.57,78.85,26.96
2/4/2021,Visibility-Center,0.25,78.65,96.72,70.56,177.15,90.24,78.88,37.98
2/8/2021,Visibility-Center,0.23,78.58,96.55,136.00,78.01,77.02,78.86,22.98
2/8/2021,Visibility-Center,0.29,78.56,96.86,136.00,8.03,88.41,78.80,36.59
