Date,Site ID,Division,Site Name,Purchase Capacity (Mbps),Delay(msec),Jitter(ms),Packet Loss(),Avg(out) mb/sbit/s,Avg(in) mb/sbit/s,Peak Throughput (Mbps) ,Utilization
1-Nov-18,BGMRL06,Khulna,Kailkabari 32m land,250,9.5121,1.5042 ,0,173.6943359,34.82519531,336.1015625,1.34440625
1-Nov-18,GGMKS01,Khulna,Banierchar backbone 75m,225,10.3501,1.6520 ,0.00021,65.11523438,64.49902344,118.2119141,0.525386285
1-Nov-18,GGMKS02,Khulna,Muksedpur land 55m,220,9,2 ,0,55.02734375,11.32910156,99.89160156,0.454052734
1-Nov-18,GGSDR02,Khulna,Gopalganj Bkb,450,11.2518,1.7020 ,0.000139,5.211914063,0.79296875,10.91894531,0.024264323
1-Nov-18,JHHRK01,Khulna,"Kulbaria land, Horinaku",175,9,2 ,0.0004,42.12597656,8.775390625,94.51269531,0.540072545
1-Nov-18,JHKLG05,Khulna,Khorar Bazar 32m Land,400,8,1 ,0.0004,118.1699219,25.46386719,238.5253906,0.596313477
1-Nov-18,JSCGH03,Khulna,Porapara Bazar,260,10.05,2.0998 ,0.000322,59.33984375,12.48828125,125.9326172,0.48435622
1-Nov-18,JSKSB05,Khulna,Sagordari 32m land,350,10.609,1.6576 ,0,157.4042969,28.94140625,303.4765625,0.867075893
1-Nov-18,JSSDR10,Khulna,Bashundia bazar land 55,275,9,2 ,0.0004,181.3554688,36.53417969,344.9824219,1.254481534
1-Nov-18,JSSDRT1,Khulna,Jessore,250,11.1865,8.7612 ,0,96.95996094,19.17773438,195.7050781,0.782820313
1-Nov-18,KHDMR06,Khulna,Shahapur Land,275,8.9399,1.7316 ,0.000069,52.60351563,10.09472656,124.6914063,0.453423295
1-Nov-18,KHPKG01,Khulna,Kapilmuni land 55m,175,11,1 ,0.0004,147.2304688,27.34960938,52.125,0.297857143
1-Nov-18,KHRPS01,Khulna,Rupsha,150,11.0645,9.0225 ,0.0004,108.8037109,23.76757813,213.9863281,1.426575521
1-Nov-18,MAMDP01,Khulna,Mohammadpur land 55m,185,7,1 ,0,54.19726563,10.66796875,105.2363281,0.568845017
1-Nov-18,MASDR07,Khulna,Dhonpara Bazar_32m  Land,600,7.1295,1.0570 ,0,108.9970703,21.28125,242.3603516,0.403933919
1-Nov-18,NRSDR06,Khulna,Tularampur 32m,225,8,1 ,0,26.26171875,5.2734375,58.82910156,0.261462674
1-Nov-18,NRSDR10,Khulna,Ramchandrapur 32m land,175,8,1 ,0.0004,32.99902344,6.358398438,74.63085938,0.426462054
1-Nov-18,SKASN02,Khulna,Assasuni_land_75m,375,10,2 ,0,160.4287109,29.18945313,322.75,0.860666667
2-Nov-18,BGMRL06,Khulna,Kailkabari 32m land,250,7.9844,1.8160 ,0.000278,147.6835938,0.14422226,291.8369141,1.167347656
2-Nov-18,GGMKS01,Khulna,Banierchar backbone 75m,225,5.025,1.7061 ,0.000347,57.47363281,0.056126595,103.1796875,0.458576389
2-Nov-18,GGMKS02,Khulna,Muksedpur land 55m,220,4,1 ,0.0004,42.79589844,0.04179287,82.72167969,0.376007635
2-Nov-18,GGSDR02,Khulna,Gopalganj Bkb,450,5.4517,1.7176 ,0.000347,121.0654297,0.118227959,242.9052734,0.539789497
2-Nov-18,JHHRK01,Khulna,"Kulbaria land, Horinaku",175,8,2 ,0.0004,38.95410156,0.038041115,79.46679688,0.454095982
2-Nov-18,JHKLG05,Khulna,Khorar Bazar 32m Land,400,8,1 ,0.0004,102.1308594,0.099737167,199.3935547,0.498483887
2-Nov-18,JSCGH03,Khulna,Porapara Bazar,260,9.5972,1.9134 ,0.000521,52.16699219,0.050944328,114.4921875,0.440354567
2-Nov-18,JSKSB05,Khulna,Sagordari 32m land,350,9.874,2.1627 ,0,151.0439453,0.147503853,287.9082031,0.822594866
2-Nov-18,JSSDR10,Khulna,Bashundia bazar land 55,275,9,2 ,0.0004,166.1835938,0.162288666,308.6728516,1.122446733
2-Nov-18,JSSDRT1,Khulna,Jessore,250,10.5038,10.2130 ,0.0004,101.5507813,0.099170685,207.9228516,0.831691406
2-Nov-18,KHDMR06,Khulna,Shahapur Land,275,8.8847,2.1953 ,0.000191,45.87109375,0.04479599,98.89746094,0.359627131
2-Nov-18,KHPKG01,Khulna,Kapilmuni land 55m,175,10,2 ,0,25.24902344,0.024657249,44.41113281,0.253777902
2-Nov-18,KHRPS01,Khulna,Rupsha,150,11.1352,10.8928 ,0.0004,65.75195313,0.064210892,130.0869141,0.867246094
2-Nov-18,MAMDP01,Khulna,Mohammadpur land 55m,185,4,2 ,0.0004,42.82421875,0.041820526,122.6484375,0.662964527
2-Nov-18,MASDR07,Khulna,Dhonpara Bazar_32m  Land,600,5.6583,1.4253 ,0.004188,103.2294922,0.100810051,202.6025391,0.337670898
2-Nov-18,NRSDR06,Khulna,Tularampur 32m,225,8,1 ,0,22.44335938,0.021917343,46.59082031,0.207070313
2-Nov-18,NRSDR10,Khulna,Ramchandrapur 32m land,175,7,1 ,0,27.16992188,0.026533127,56.93652344,0.325351563
2-Nov-18,SKASN02,Khulna,Assasuni_land_75m,375,10,2 ,0,137.7636719,0.134534836,273.5996094,0.729598958
3-Nov-18,BGMRL06,Khulna,Kailkabari 32m land,250,8.8881,1.6774 ,0.000174,149.6142578,30.52441406,274.4716797,1.097886719
3-Nov-18,GGMKS01,Khulna,Banierchar backbone 75m,225,8.1414,1.8406 ,0.000139,56.93359375,56.91699219,105.5673828,0.469188368
3-Nov-18,GGMKS02,Khulna,Muksedpur land 55m,220,7,1 ,0,44.89160156,9.381835938,94.47363281,0.429425604
3-Nov-18,GGSDR02,Khulna,Gopalganj Bkb,450,8.4402,1.6369 ,0.000139,118.6279297,27.07714844,238.8085938,0.530685764
3-Nov-18,JHHRK01,Khulna,"Kulbaria land, Horinaku",175,8,2 ,0,36.89648438,8.608398438,76.66308594,0.438074777
3-Nov-18,JHKLG05,Khulna,Khorar Bazar 32m Land,400,8,1 ,0.0004,99.10449219,22.59863281,199.09375,0.497734375
3-Nov-18,JSCGH03,Khulna,Porapara Bazar,260,9.9104,1.7665 ,0.000626,51.11816406,11.45507813,105.8144531,0.406978666
3-Nov-18,JSKSB05,Khulna,Sagordari 32m land,350,10.6077,1.6384 ,0,144.1103516,26.76367188,269.4296875,0.769799107
3-Nov-18,JSSDR10,Khulna,Bashundia bazar land 55,275,9,1 ,0,160.9150391,33.5234375,305.7851563,1.111946023
3-Nov-18,JSSDRT1,Khulna,Jessore,250,10.1262,9.3704 ,0.0004,99.08984375,20.79296875,205.3730469,0.821492188
3-Nov-18,KHDMR06,Khulna,Shahapur Land,275,8.6473,1.6640 ,0.000035,45.35449219,8.94921875,93.3203125,0.339346591
3-Nov-18,KHPKG01,Khulna,Kapilmuni land 55m,175,10,1 ,0,129.546875,24.90527344,48.73242188,0.278470982
3-Nov-18,KHRPS01,Khulna,Rupsha,150,10.7953,9.2773 ,0.0004,66.4609375,14.3984375,133.0429688,0.886953125
3-Nov-18,MAMDP01,Khulna,Mohammadpur land 55m,185,7,1 ,0.0004,45.10644531,8.788085938,89.96484375,0.486296453
3-Nov-18,MASDR07,Khulna,Dhonpara Bazar_32m  Land,600,6.8596,1.1173 ,0.000122,93.41699219,19.44042969,189.9365234,0.316560872
3-Nov-18,NRSDR06,Khulna,Tularampur 32m,225,8,1 ,0.0004,23.19433594,4.677734375,52.18164063,0.231918403
3-Nov-18,NRSDR10,Khulna,Ramchandrapur 32m land,175,8,1 ,0.0004,27.96777344,5.752929688,60.85742188,0.347756696
3-Nov-18,SKASN02,Khulna,Assasuni_land_75m,375,10,2 ,0,140.0146484,25.69628906,310.3388672,0.827570313
4-Nov-18,BGMRL06,Khulna,Kailkabari 32m land,250,9.5076,1.6086 ,0.000069,145.8632813,31.13574219,273.5136719,1.094054688
4-Nov-18,GGMKS01,Khulna,Banierchar backbone 75m,225,8.5233,1.8004 ,0.020471,53.00195313,52.98144531,107.3330078,0.47703559
4-Nov-18,GGMKS02,Khulna,Muksedpur land 55m,220,7,1 ,0.0004,43.69726563,9.37109375,92.77050781,0.421684126
4-Nov-18,GGSDR02,Khulna,Gopalganj Bkb,450,8.9349,1.7894 ,0.019301,114.9716797,26.59570313,222.7890625,0.495086806
4-Nov-18,JHHRK01,Khulna,"Kulbaria land, Horinaku",175,8,1 ,0,33.57519531,8.54296875,78.79296875,0.450245536
4-Nov-18,JHKLG05,Khulna,Khorar Bazar 32m Land,400,8,1 ,0.0004,97.94238281,22.9375,211.1181641,0.52779541
4-Nov-18,JSCGH03,Khulna,Porapara Bazar,260,10.1285,1.7515 ,0.001427,51.06640625,11.77734375,102.9951172,0.396135066
4-Nov-18,JSKSB05,Khulna,Sagordari 32m land,350,10.6316,1.4530 ,0,140.2216797,26.58984375,282.8085938,0.808024554
4-Nov-18,JSSDR10,Khulna,Bashundia bazar land 55,275,9,1 ,0,156.5517578,32.76171875,299.0205078,1.087347301
4-Nov-18,JSSDRT1,Khulna,Jessore,250,10.9222,12.5410 ,0,95.79980469,20.74707031,209.6542969,0.838617188
4-Nov-18,KHDMR06,Khulna,Shahapur Land,275,8.7719,1.5572 ,0,43.83007813,8.694335938,93.42578125,0.339730114
4-Nov-18,KHPKG01,Khulna,Kapilmuni land 55m,175,10,2 ,0,132.9775391,24.90429688,50.37890625,0.287879464
4-Nov-18,KHRPS01,Khulna,Rupsha,150,11.0635,9.6621 ,0,61.02246094,13.88378906,129.0908203,0.860605469
4-Nov-18,MAMDP01,Khulna,Mohammadpur land 55m,185,7,1 ,0.0004,41.55859375,8.663085938,90.09863281,0.487019637
4-Nov-18,MASDR07,Khulna,Dhonpara Bazar_32m  Land,600,6.976,1.0190 ,0.000017,91.34960938,19.9765625,202.5976563,0.33766276
4-Nov-18,NRSDR06,Khulna,Tularampur 32m,225,8,1 ,0.0004,22.73242188,4.581054688,55.00488281,0.244466146
4-Nov-18,NRSDR10,Khulna,Ramchandrapur 32m land,175,8,1 ,0.0004,24.46972656,5.51953125,48.85546875,0.279174107
4-Nov-18,SKASN02,Khulna,Assasuni_land_75m,375,10,2 ,0,140.0595703,25.47265625,286.1650391,0.763106771
5-Nov-18,BGMRL06,Khulna,Kailkabari 32m land,250,9.3313,1.7848 ,0,151.6513672,31.04589844,313.015625,1.2520625
5-Nov-18,GGMKS01,Khulna,Banierchar backbone 75m,225,8.1883,1.8446 ,0.000418,55.40332031,55.38867188,106.2910156,0.472404514
5-Nov-18,GGMKS02,Khulna,Muksedpur land 55m,220,7,1 ,0.0004,41.63964844,9.006835938,92.23535156,0.419251598
5-Nov-18,GGSDR02,Khulna,Gopalganj Bkb,450,8.6603,1.8287 ,0.000348,123.7558594,26.1015625,256.6054688,0.570234375
5-Nov-18,JHHRK01,Khulna,"Kulbaria land, Horinaku",175,8,1 ,0,29.88574219,7.551757813,64.01464844,0.365797991
5-Nov-18,JHKLG05,Khulna,Khorar Bazar 32m Land,400,8,1 ,0.0004,98.2265625,21.92578125,205.6425781,0.514106445
5-Nov-18,JSCGH03,Khulna,Porapara Bazar,260,10.0177,1.5790 ,0.000347,51.47070313,11.05859375,114.1308594,0.438964844
5-Nov-18,JSKSB05,Khulna,Sagordari 32m land,350,10.6937,1.8145 ,0,139.7294922,26.40820313,270.9482422,0.774137835
5-Nov-18,JSSDR10,Khulna,Bashundia bazar land 55,275,9,2 ,0.0004,160.7294922,33.30761719,314.7490234,1.144541903
5-Nov-18,JSSDRT1,Khulna,Jessore,250,11.3403,9.9675 ,0,96.17871094,20.58203125,225.1533203,0.900613281
5-Nov-18,KHDMR06,Khulna,Shahapur Land,275,8.7528,1.6673 ,0.000017,43.77441406,8.438476563,97.11328125,0.353139205
5-Nov-18,KHPKG01,Khulna,Kapilmuni land 55m,175,10,2 ,0.0004,123.3173828,23.73242188,44.61132813,0.254921875
5-Nov-18,KHRPS01,Khulna,Rupsha,150,10.9184,10.2012 ,0.0004,61.09863281,14.125,123.2695313,0.821796875
5-Nov-18,MAMDP01,Khulna,Mohammadpur land 55m,185,7,1 ,0.0004,40.90820313,8.268554688,79.11425781,0.427644637
5-Nov-18,MASDR07,Khulna,Dhonpara Bazar_32m  Land,600,7.2303,1.0333 ,0.000122,89.31640625,18.734375,183.1230469,0.305205078
5-Nov-18,NRSDR06,Khulna,Tularampur 32m,225,8,1 ,0,20.04492188,4.322265625,50.51367188,0.224505208
5-Nov-18,NRSDR10,Khulna,Ramchandrapur 32m land,175,8,1 ,0,24.55175781,5.212890625,63.19628906,0.361121652
5-Nov-18,SKASN02,Khulna,Assasuni_land_75m,375,10,1 ,0,133.2363281,25.24804688,294.2421875,0.784645833
6-Nov-18,BGMRL06,Khulna,Kailkabari 32m land,250,9.5503,1.8143 ,0,142.4941406,30.12988281,287.2363281,1.148945313
6-Nov-18,GGMKS01,Khulna,Banierchar backbone 75m,225,8.5503,1.6514 ,0.000417,54.00097656,53.98730469,120.2597656,0.534487847
6-Nov-18,GGMKS02,Khulna,Muksedpur land 55m,220,7,1 ,0.0004,43.63964844,9.663085938,91.73144531,0.416961115
6-Nov-18,GGSDR02,Khulna,Gopalganj Bkb,450,8.9181,1.7316 ,0.000695,117.9296875,25.76855469,244.9716797,0.54438151
6-Nov-18,JHHRK01,Khulna,"Kulbaria land, Horinaku",175,8,1 ,0,36.43652344,8.740234375,91.38769531,0.522215402
6-Nov-18,JHKLG05,Khulna,Khorar Bazar 32m Land,400,8,1 ,0.0004,97.73828125,22.92089844,218.9111328,0.547277832
6-Nov-18,JSCGH03,Khulna,Porapara Bazar,260,10.4212,1.5922 ,0.000451,51.81738281,11.23828125,108.2792969,0.416458834
6-Nov-18,JSKSB05,Khulna,Sagordari 32m land,350,10.3736,1.5372 ,0,137.6269531,27.7421875,238.9111328,0.682603237
6-Nov-18,JSSDR10,Khulna,Bashundia bazar land 55,275,9,1 ,0,154.3837891,33.42871094,290.6572266,1.056935369
6-Nov-18,JSSDRT1,Khulna,Jessore,250,10.3552,10.1503 ,0.0004,99.02832031,20.91796875,196.3818359,0.785527344
6-Nov-18,KHDMR06,Khulna,Shahapur Land,275,8.8049,1.6687 ,0,42.46777344,8.865234375,90.21386719,0.328050426
6-Nov-18,KHPKG01,Khulna,Kapilmuni land 55m,175,10,2 ,0,123.9326172,24.21191406,45.54394531,0.260251116
6-Nov-18,KHRPS01,Khulna,Rupsha,150,11.2222,8.9850 ,0,64.70996094,14.703125,127.0136719,0.846757813
6-Nov-18,MAMDP01,Khulna,Mohammadpur land 55m,185,7,1 ,0.0004,40.09082031,8.546875,88.99609375,0.481059966
6-Nov-18,MASDR07,Khulna,Dhonpara Bazar_32m  Land,600,6.8007,0.9546 ,0,92.20410156,19.64746094,192.7607422,0.321267904
6-Nov-18,NRSDR06,Khulna,Tularampur 32m,225,8,1 ,0.0004,20.71289063,4.619140625,54.02148438,0.240095486
6-Nov-18,NRSDR10,Khulna,Ramchandrapur 32m land,175,8,1 ,0.0004,26.62695313,5.329101563,63.21679688,0.361238839
6-Nov-18,SKASN02,Khulna,Assasuni_land_75m,375,10,2 ,0.0004,135.6103516,26.06054688,275.4189453,0.734450521
7-Nov-18,BGMRL06,Khulna,Kailkabari 32m land,250,9.6288,1.6259 ,0,156.40625,32.046875,304.3720703,1.217488281
7-Nov-18,GGMKS01,Khulna,Banierchar backbone 75m,225,9.1328,1.7801 ,0.000982,57.328125,57.28613281,98.13671875,0.436163194
7-Nov-18,GGMKS02,Khulna,Muksedpur land 55m,220,8,1 ,0.0004,41.58300781,9.071289063,79.70214844,0.362282493
7-Nov-18,GGSDR02,Khulna,Gopalganj Bkb,450,9.7823,1.6332 ,0.001687,117.3378906,25.60546875,224.4716797,0.498825955
7-Nov-18,JHHRK01,Khulna,"Kulbaria land, Horinaku",175,8,1 ,0,36.37011719,8.548828125,80.00097656,0.457148438
7-Nov-18,JHKLG05,Khulna,Khorar Bazar 32m Land,400,8,1 ,0,99.76757813,22.28613281,203.0039063,0.507509766
7-Nov-18,JSCGH03,Khulna,Porapara Bazar,260,10.2139,1.6853 ,0.000174,51.07910156,11.26464844,111.9003906,0.430386118
7-Nov-18,JSKSB05,Khulna,Sagordari 32m land,350,10.6646,1.7151 ,0,141.2119141,27.67285156,261.671875,0.747633929
7-Nov-18,JSSDR10,Khulna,Bashundia bazar land 55,275,10,2 ,0.0004,160.2109375,33.859375,286.3037109,1.041104403
7-Nov-18,JSSDRT1,Khulna,Jessore,250,11.126,9.8566 ,0,99.68066406,20.55078125,207.2929688,0.829171875
7-Nov-18,KHDMR06,Khulna,Shahapur Land,275,8.8111,1.4854 ,0,41.54980469,8.716796875,77.85351563,0.283103693
7-Nov-18,KHPKG01,Khulna,Kapilmuni land 55m,175,11,2 ,0,129.0224609,25.06933594,45.88769531,0.262215402
7-Nov-18,KHRPS01,Khulna,Rupsha,150,15.8441,9.6251 ,0.0004,63.58691406,13.83691406,137.8027344,0.918684896
7-Nov-18,MAMDP01,Khulna,Mohammadpur land 55m,185,8,1 ,0.0004,44.54199219,8.698242188,84.57421875,0.457157939
7-Nov-18,MASDR07,Khulna,Dhonpara Bazar_32m  Land,600,7.6681,1.1218 ,0.000488,92.82617188,19.28027344,191.3984375,0.318997396
7-Nov-18,NRSDR06,Khulna,Tularampur 32m,225,8,1 ,0,21.5625,4.845703125,46.71777344,0.207634549
7-Nov-18,NRSDR10,Khulna,Ramchandrapur 32m land,175,8,1 ,0,26.84863281,5.396484375,59.35351563,0.339162946
7-Nov-18,SKASN02,Khulna,Assasuni_land_75m,375,10,1 ,0,138.3808594,26.35546875,271.2001953,0.723200521
8-Nov-18,BGMRL06,Khulna,Kailkabari 32m land,250,9.3279,1.8319 ,0.024173,147.5517578,31.34082031,296.2207031,1.184882813
8-Nov-18,GGMKS01,Khulna,Banierchar backbone 75m,225,8.2972,1.8494 ,0.017857,51.41210938,51.40429688,95.04101563,0.422404514
8-Nov-18,GGMKS02,Khulna,Muksedpur land 55m,220,7,1 ,0.02,42.046875,9.170898438,98.07714844,0.44580522
8-Nov-18,GGSDR02,Khulna,Gopalganj Bkb,450,8.7007,1.7470 ,0.019749,110.765625,24.16503906,221.1386719,0.491419271
8-Nov-18,JHHRK01,Khulna,"Kulbaria land, Horinaku",175,8,2 ,0.02,33.22851563,7.903320313,72.71484375,0.415513393
8-Nov-18,JHKLG05,Khulna,Khorar Bazar 32m Land,400,8,1 ,0.02,90.30957031,20.49609375,198.1142578,0.495285645
8-Nov-18,JSCGH03,Khulna,Porapara Bazar,260,10.1786,2.2176 ,0.018674,46.54394531,10.37109375,105.3378906,0.405145733
8-Nov-18,JSKSB05,Khulna,Sagordari 32m land,350,10.627,1.6736 ,0.017223,131.4013672,25.6953125,269.6240234,0.770354353
8-Nov-18,JSSDR10,Khulna,Bashundia bazar land 55,275,9,2 ,0.02,144.4306641,30.39160156,300.7519531,1.093643466
8-Nov-18,JSSDRT1,Khulna,Jessore,250,11.089,9.9035 ,0.02,85.76953125,18.63769531,180.1298828,0.720519531
8-Nov-18,KHDMR06,Khulna,Shahapur Land,275,8.7487,1.8415 ,0.017783,40.984375,8.454101563,90.16992188,0.327890625
8-Nov-18,KHPKG01,Khulna,Kapilmuni land 55m,175,10,2 ,0.02,114.9384766,22.53125,45.71484375,0.261227679
8-Nov-18,KHRPS01,Khulna,Rupsha,150,13.2499,9.2066 ,0.02,59.22558594,13.17382813,123.8955078,0.825970052
8-Nov-18,MAMDP01,Khulna,Mohammadpur land 55m,185,8,1 ,0.02,37.30957031,7.9375,82.23242188,0.444499578
8-Nov-18,MASDR07,Khulna,Dhonpara Bazar_32m  Land,600,7.4911,1.1981 ,0.018788,82.28027344,17.38183594,180.8652344,0.301442057
8-Nov-18,NRSDR06,Khulna,Tularampur 32m,225,8,1 ,0.02,20.07519531,4.44921875,42.01660156,0.186740451
8-Nov-18,NRSDR10,Khulna,Ramchandrapur 32m land,175,8,1 ,0.02,24.6484375,5.139648438,66.48730469,0.379927455
8-Nov-18,SKASN02,Khulna,Assasuni_land_75m,375,10,2 ,0.02,129.7636719,24.3984375,270.8056641,0.722148438
9-Nov-18,BGMRL06,Khulna,Kailkabari 32m land,250,9.3366,1.5501 ,0.000175,150.7744141,32.40039063,296.9238281,1.187695313
9-Nov-18,GGMKS01,Khulna,Banierchar backbone 75m,225,8.1362,1.6406 ,0.000104,54.69628906,54.69238281,101.6025391,0.45156684
9-Nov-18,GGMKS02,Khulna,Muksedpur land 55m,220,7,1 ,0.0004,43.34570313,9.985351563,89.19824219,0.405446555
9-Nov-18,GGSDR02,Khulna,Gopalganj Bkb,450,8.6664,1.5985 ,0.000104,119.9091797,26.91113281,222.4189453,0.494264323
9-Nov-18,JHHRK01,Khulna,"Kulbaria land, Horinaku",175,8,2 ,0.0004,35.0078125,8.54296875,77.49121094,0.44280692
9-Nov-18,JHKLG05,Khulna,Khorar Bazar 32m Land,400,8,1 ,0.0004,95.39160156,22.44628906,204.6738281,0.51168457
9-Nov-18,JSCGH03,Khulna,Porapara Bazar,260,10.1352,1.4909 ,0.000349,51.19726563,11.47265625,113.3544922,0.435978816
9-Nov-18,JSKSB05,Khulna,Sagordari 32m land,350,10.5123,1.9010 ,0.000174,144.4697266,27.38769531,267.0722656,0.763063616
9-Nov-18,JSSDR10,Khulna,Bashundia bazar land 55,275,9,2 ,0.0004,161.8349609,34.32324219,306.1123047,1.113135653
9-Nov-18,JSSDRT1,Khulna,Jessore,250,11.2686,11.0962 ,0.0004,96.20898438,20.78710938,219.5214844,0.878085938
9-Nov-18,KHDMR06,Khulna,Shahapur Land,275,8.8053,1.6840 ,0.000227,42.52148438,9.235351563,89.65527344,0.326019176
9-Nov-18,KHPKG01,Khulna,Kapilmuni land 55m,175,10,2 ,0.0004,125.9121094,25.23339844,48.96386719,0.279793527
9-Nov-18,KHRPS01,Khulna,Rupsha,150,11.2932,8.9676 ,0.0004,61.87988281,14.11816406,119.1328125,0.79421875
9-Nov-18,MAMDP01,Khulna,Mohammadpur land 55m,185,7,1 ,0.0004,42.07617188,8.763671875,85.13769531,0.460203758
9-Nov-18,MASDR07,Khulna,Dhonpara Bazar_32m  Land,600,6.8054,0.9366 ,0.000087,89.10839844,19.34277344,201.4316406,0.335719401
9-Nov-18,NRSDR06,Khulna,Tularampur 32m,225,8,1 ,0,20.51953125,4.497070313,47.69433594,0.211974826
9-Nov-18,NRSDR10,Khulna,Ramchandrapur 32m land,175,8,1 ,0.0004,25.91992188,5.530273438,59.5625,0.340357143
9-Nov-18,SKASN02,Khulna,Assasuni_land_75m,375,10,2 ,0.0004,139.7636719,26.66210938,273.1494141,0.728398438
10-Nov-18,BGMRL06,Khulna,Kailkabari 32m land,250,9.7785,1.5895 ,0,144.2929688,31.30566406,290.6757813,1.162703125
10-Nov-18,GGMKS01,Khulna,Banierchar backbone 75m,225,8.3059,1.7368 ,0.000208,57.32519531,57.32421875,115.7324219,0.514366319
10-Nov-18,GGMKS02,Khulna,Muksedpur land 55m,220,7,1 ,0,44.03808594,9.794921875,107.0654297,0.486661044
10-Nov-18,GGSDR02,Khulna,Gopalganj Bkb,450,8.7378,1.4280 ,0.000174,124.2412109,26.6171875,252.7275391,0.561616753
10-Nov-18,JHHRK01,Khulna,"Kulbaria land, Horinaku",175,8,1 ,0,35.55371094,8.06640625,73.21484375,0.418370536
10-Nov-18,JHKLG05,Khulna,Khorar Bazar 32m Land,400,8,1 ,0.0004,95.08007813,21.71191406,222.0185547,0.555046387
10-Nov-18,JSCGH03,Khulna,Porapara Bazar,260,10.1979,1.4338 ,0.000104,50.5,11.06152344,116.8710938,0.449504207
10-Nov-18,JSKSB05,Khulna,Sagordari 32m land,350,10.5628,1.5196 ,0,137.4111328,27.57714844,275.4072266,0.78687779
10-Nov-18,JSSDR10,Khulna,Bashundia bazar land 55,275,9,1 ,0.0004,157.0839844,32.92285156,300.0039063,1.090923295
10-Nov-18,JSSDRT1,Khulna,Jessore,250,11.8469,9.8647 ,0,93.18945313,19.49707031,200.1914063,0.800765625
10-Nov-18,KHDMR06,Khulna,Shahapur Land,275,8.7892,1.8588 ,0,41.08789063,7.849609375,93.42480469,0.339726563
10-Nov-18,KHPKG01,Khulna,Kapilmuni land 55m,175,11,1 ,0,128.578125,24.28125,45.37792969,0.259302455
10-Nov-18,KHRPS01,Khulna,Rupsha,150,11.2306,9.1741 ,0.0004,61.47753906,13.58984375,134.5478516,0.896985677
10-Nov-18,MAMDP01,Khulna,Mohammadpur land 55m,185,7,1 ,0,40.89941406,8.559570313,99.22265625,0.536338682
10-Nov-18,MASDR07,Khulna,Dhonpara Bazar_32m  Land,600,6.6715,0.9521 ,0.000157,92.52246094,19.19335938,218.6679688,0.364446615
10-Nov-18,NRSDR06,Khulna,Tularampur 32m,225,8,1 ,0,21.09472656,4.178710938,55.39453125,0.246197917
10-Nov-18,NRSDR10,Khulna,Ramchandrapur 32m land,175,8,1 ,0,25.17871094,5.302734375,63.40332031,0.362304688
10-Nov-18,SKASN02,Khulna,Assasuni_land_75m,375,10,2 ,0,133.8847656,25.28320313,283.7246094,0.756598958
11-Nov-18,BGMRL06,Khulna,Kailkabari 32m land,250,9.6181,1.5414 ,0,148.2070313,32.078125,287.4208984,1.149683594
11-Nov-18,GGMKS01,Khulna,Banierchar backbone 75m,225,8.09,1.8218 ,0.000224,55.03222656,54.8984375,101.5439453,0.451306424
11-Nov-18,GGMKS02,Khulna,Muksedpur land 55m,220,7,1 ,0,40.87304688,9.30078125,82.12597656,0.373299893
11-Nov-18,GGSDR02,Khulna,Gopalganj Bkb,450,8.607,1.5781 ,0.000711,99.50195313,20.1796875,197.2080078,0.438240017
11-Nov-18,JHHRK01,Khulna,"Kulbaria land, Horinaku",175,8,2 ,0,31.98632813,7.75,83.90917969,0.479481027
11-Nov-18,JHKLG05,Khulna,Khorar Bazar 32m Land,400,8,1 ,0.0004,96.60058594,22.46289063,212.7744141,0.531936035
11-Nov-18,JSCGH03,Khulna,Porapara Bazar,260,10.4459,1.9844 ,0.001248,50.25097656,10.94042969,114.5908203,0.440733924
11-Nov-18,JSKSB05,Khulna,Sagordari 32m land,350,10.7997,1.6465 ,0,140.5859375,26.65917969,270.4785156,0.772795759
11-Nov-18,JSSDR10,Khulna,Bashundia bazar land 55,275,9,1 ,0,157.6738281,31.32324219,318.3613281,1.157677557
11-Nov-18,JSSDRT1,Khulna,Jessore,250,10.8282,9.0426 ,0.0004,94.81835938,15.61425781,217.3466797,0.869386719
11-Nov-18,KHDMR06,Khulna,Shahapur Land,275,8.8092,1.6018 ,0,35.04785156,7.69921875,96.75195313,0.351825284
11-Nov-18,KHPKG01,Khulna,Kapilmuni land 55m,175,11,2 ,0,116.0703125,24.19433594,47.65429688,0.272310268
11-Nov-18,KHRPS01,Khulna,Rupsha,150,12.2041,9.7588 ,0,48.6875,16.35058594,159.0605469,1.060403646
11-Nov-18,MAMDP01,Khulna,Mohammadpur land 55m,185,7,1 ,0.0004,40.92871094,8.565429688,98.20214844,0.530822424
11-Nov-18,MASDR07,Khulna,Dhonpara Bazar_32m  Land,600,6.4704,0.9738 ,0.000133,93.7421875,19.55078125,198.6660156,0.331110026
11-Nov-18,NRSDR06,Khulna,Tularampur 32m,225,8,1 ,0.0004,22.01171875,4.6484375,52.30273438,0.232456597
11-Nov-18,NRSDR10,Khulna,Ramchandrapur 32m land,175,8,1 ,0.0004,26.30957031,5.528320313,72.22753906,0.412728795
11-Nov-18,SKASN02,Khulna,Assasuni_land_75m,375,10,2 ,0,135.7246094,26.34863281,287.9306641,0.767815104
12-Nov-18,BGMRL06,Khulna,Kailkabari 32m land,250,9.6452,1.7434 ,0,147.9970703,31.44726563,292.1650391,1.168660156
12-Nov-18,GGMKS01,Khulna,Banierchar backbone 75m,225,7.9371,1.6147 ,0,52.78222656,52.40429688,103.2265625,0.458784722
12-Nov-18,GGMKS02,Khulna,Muksedpur land 55m,220,7,1 ,0.0004,42.56445313,9.829101563,98.390625,0.447230114
12-Nov-18,GGSDR02,Khulna,Gopalganj Bkb,450,8.6818,1.6063 ,0,65.48144531,13.44433594,125.8095703,0.279576823
12-Nov-18,JHHRK01,Khulna,"Kulbaria land, Horinaku",175,8,1 ,0,35.15332031,8.635742188,93.32226563,0.533270089
12-Nov-18,JHKLG05,Khulna,Khorar Bazar 32m Land,400,8,1 ,0.0004,101.4414063,22.33300781,219.6035156,0.549008789
12-Nov-18,JSCGH03,Khulna,Porapara Bazar,260,9.8907,1.7328 ,0.001554,50.71777344,11.11621094,113.9931641,0.438435246
12-Nov-18,JSKSB05,Khulna,Sagordari 32m land,350,10.4377,1.6694 ,0,141.2851563,24.98144531,278.6660156,0.796188616
12-Nov-18,JSSDR10,Khulna,Bashundia bazar land 55,275,9,2 ,0.0004,156.9462891,31.73144531,321.9824219,1.17084517
12-Nov-18,JSSDRT1,Khulna,Jessore,250,10.5934,9.4313 ,0,89.13574219,19.42285156,209.2695313,0.837078125
12-Nov-18,KHDMR06,Khulna,Shahapur Land,275,8.8004,1.7089 ,0,56.49511719,9.401367188,108.5332031,0.394666193
12-Nov-18,KHPKG01,Khulna,Kapilmuni land 55m,175,10,2 ,0.0004,123.1542969,23.93652344,47.09863281,0.269135045
12-Nov-18,KHRPS01,Khulna,Rupsha,150,11.7346,8.5112 ,0,100.7792969,21.41113281,160.3447266,1.068964844
12-Nov-18,MAMDP01,Khulna,Mohammadpur land 55m,185,7,1 ,0.0004,50.72753906,8.935546875,97.37988281,0.526377745
12-Nov-18,MASDR07,Khulna,Dhonpara Bazar_32m  Land,600,6.5282,1.0558 ,0.000066,97.69042969,19.81347656,233.0087891,0.388347982
12-Nov-18,NRSDR06,Khulna,Tularampur 32m,225,8,1 ,0,22.58886719,4.625976563,51.95117188,0.230894097
12-Nov-18,NRSDR10,Khulna,Ramchandrapur 32m land,175,8,1 ,0,26.41503906,5.344726563,60.53710938,0.345926339
12-Nov-18,SKASN02,Khulna,Assasuni_land_75m,375,10,2 ,0,137.4833984,25.953125,286.2363281,0.763296875
13-Nov-18,BGMRL06,Khulna,Kailkabari 32m land,250,9.4533,1.7994 ,0,151.2841797,31.92871094,304.6533203,1.218613281
13-Nov-18,GGMKS01,Khulna,Banierchar backbone 75m,225,7.7837,1.7975 ,0.000097,56.51855469,54.69726563,111.0410156,0.493515625
13-Nov-18,GGMKS02,Khulna,Muksedpur land 55m,220,7,1 ,0.0004,50.21484375,9.990234375,95.11328125,0.432333097
13-Nov-18,GGSDR02,Khulna,Gopalganj Bkb,450,8.5942,1.6773 ,0.000084,32.63964844,6.416992188,88.29980469,0.196221788
13-Nov-18,JHHRK01,Khulna,"Kulbaria land, Horinaku",175,8,1 ,0,34.79394531,8.15625,74.77929688,0.427310268
13-Nov-18,JHKLG05,Khulna,Khorar Bazar 32m Land,400,8,1 ,0.0004,103.4335938,22.63476563,212.9296875,0.532324219
13-Nov-18,JSCGH03,Khulna,Porapara Bazar,260,10.1563,1.8111 ,0.001378,53.96679688,11.375,115.1220703,0.442777194
13-Nov-18,JSKSB05,Khulna,Sagordari 32m land,350,10.6894,1.5952 ,0,140.8173828,29.25097656,291.6298828,0.833228237
13-Nov-18,JSSDR10,Khulna,Bashundia bazar land 55,275,9,2 ,0.0004,161.4902344,32.28125,311.8046875,1.133835227
13-Nov-18,JSSDRT1,Khulna,Jessore,250,11.2512,10.2175 ,0,100.9941406,20.515625,204.7802734,0.819121094
13-Nov-18,KHDMR06,Khulna,Shahapur Land,275,8.732,1.6124 ,0.000023,46.23046875,9.096679688,106.0380859,0.38559304
13-Nov-18,KHPKG01,Khulna,Kapilmuni land 55m,175,11,2 ,0,126.7753906,24.20019531,47.56054688,0.271774554
13-Nov-18,KHRPS01,Khulna,Rupsha,150,10.543,8.9327 ,0,99.74414063,21.97363281,158.7402344,1.058268229
13-Nov-18,MAMDP01,Khulna,Mohammadpur land 55m,185,7,1 ,0.0004,48.20898438,8.655273438,85.34863281,0.461343961
13-Nov-18,MASDR07,Khulna,Dhonpara Bazar_32m  Land,600,6.3015,1.0877 ,0.000199,97.61523438,19.64160156,217.0058594,0.361676432
13-Nov-18,NRSDR06,Khulna,Tularampur 32m,225,8,1 ,0,21.4921875,4.595703125,60.30761719,0.268033854
13-Nov-18,NRSDR10,Khulna,Ramchandrapur 32m land,175,8,1 ,0,29.03125,5.572265625,67.48535156,0.38563058
13-Nov-18,SKASN02,Khulna,Assasuni_land_75m,375,10,2 ,0,143.1748047,26.18652344,286.0117188,0.762697917
14-Nov-18,BGMRL06,Khulna,Kailkabari 32m land,250,9.6478,1.7673 ,0.000044,162.0908203,33.40527344,299.6337891,1.198535156
14-Nov-18,GGMKS01,Khulna,Banierchar backbone 75m,225,8.3404,1.5540 ,0.000292,57.58007813,55.28320313,107.8984375,0.479548611
14-Nov-18,GGMKS02,Khulna,Muksedpur land 55m,220,7,1 ,0,47.92578125,9.662109375,101.2636719,0.460289418
14-Nov-18,GGSDR02,Khulna,Gopalganj Bkb,450,8.9978,1.6360 ,0,16.70214844,2.83984375,48.77246094,0.108383247
14-Nov-18,JHHRK01,Khulna,"Kulbaria land, Horinaku",175,8,2 ,0,35.79492188,8.732421875,81.9296875,0.468169643
14-Nov-18,JHKLG05,Khulna,Khorar Bazar 32m Land,400,8,1 ,0.0004,104.0341797,22.67285156,219.3798828,0.548449707
14-Nov-18,JSCGH03,Khulna,Porapara Bazar,260,9.9776,1.7138 ,0.00019,54.26953125,11.734375,119.7382813,0.460531851
14-Nov-18,JSKSB05,Khulna,Sagordari 32m land,350,10.7041,1.6025 ,0.000021,143.5673828,28.98144531,273.7978516,0.782279576
14-Nov-18,JSSDR10,Khulna,Bashundia bazar land 55,275,9,2 ,0,160.4970703,39.21875,311.2382813,1.131775568
14-Nov-18,JSSDRT1,Khulna,Jessore,250,10.3418,9.2158 ,0,103.5351563,22.734375,237.5292969,0.950117188
14-Nov-18,KHDMR06,Khulna,Shahapur Land,275,8.9732,1.8077 ,0,45.09277344,9.021484375,106.5380859,0.387411222
14-Nov-18,KHPKG01,Khulna,Kapilmuni land 55m,175,11,1 ,0,136.8662109,24.71679688,49.38085938,0.282176339
14-Nov-18,KHRPS01,Khulna,Rupsha,150,10.8614,14.7188 ,0,101.9335938,22.80273438,159.5332031,1.063554688
14-Nov-18,MAMDP01,Khulna,Mohammadpur land 55m,185,7,1 ,0,52.59472656,9.857421875,94.35058594,0.510003167
14-Nov-18,MASDR07,Khulna,Dhonpara Bazar_32m  Land,600,6.7731,1.0563 ,0,97.62011719,20.140625,212.5986328,0.354331055
14-Nov-18,NRSDR06,Khulna,Tularampur 32m,225,8,1 ,0.0004,21.49316406,4.66796875,51.76953125,0.230086806
14-Nov-18,NRSDR10,Khulna,Ramchandrapur 32m land,175,8,1 ,0.0004,26.9140625,5.245117188,74.5390625,0.4259375
14-Nov-18,SKASN02,Khulna,Assasuni_land_75m,375,10,2 ,0,143.5966797,26.64160156,292.0195313,0.77871875
15-Nov-18,BGMRL06,Khulna,Kailkabari 32m land,250,9.562,1.7112 ,0.000147,158.7070313,33.14550781,311.2939453,1.245175781
15-Nov-18,GGMKS01,Khulna,Banierchar backbone 75m,225,8.0778,1.6183 ,0.000105,56.71777344,55.44726563,113.0205078,0.502313368
15-Nov-18,GGMKS02,Khulna,Muksedpur land 55m,220,7,1 ,0.0004,48.71972656,10.43945313,99.6640625,0.453018466
15-Nov-18,GGSDR02,Khulna,Gopalganj Bkb,450,8.5627,1.4622 ,0.000093,8.352539063,1.533203125,25.71386719,0.057141927
15-Nov-18,JHHRK01,Khulna,"Kulbaria land, Horinaku",175,8,2 ,0,37.69140625,8.375,76.35351563,0.436305804
15-Nov-18,JHKLG05,Khulna,Khorar Bazar 32m Land,400,8,1 ,0.0004,98.27148438,21.859375,219.1621094,0.547905273
15-Nov-18,JSCGH03,Khulna,Porapara Bazar,260,9.8884,1.8622 ,0.001102,55.74902344,12.30273438,129.2460938,0.497100361
15-Nov-18,JSKSB05,Khulna,Sagordari 32m land,350,10.5831,1.7997 ,0,139.5722656,28.82324219,289.0117188,0.825747768
15-Nov-18,JSSDR10,Khulna,Bashundia bazar land 55,275,9,2 ,0.0004,164.7578125,33.80078125,323.5087891,1.176395597
15-Nov-18,JSSDRT1,Khulna,Jessore,250,11.7935,8.8381 ,0.0004,104.9550781,22.26953125,223.7988281,0.895195313
15-Nov-18,KHDMR06,Khulna,Shahapur Land,275,8.8972,1.7787 ,0.000124,47.15722656,9.224609375,107.8876953,0.392318892
15-Nov-18,KHPKG01,Khulna,Kapilmuni land 55m,175,11,1 ,0,128.7792969,24.70605469,50.86230469,0.290641741
15-Nov-18,KHRPS01,Khulna,Rupsha,150,11.537,9.5604 ,0,98.953125,22.57226563,160.0087891,1.06672526
15-Nov-18,MAMDP01,Khulna,Mohammadpur land 55m,185,6,1 ,0,40.8828125,9.65625,93.94433594,0.507807221
15-Nov-18,MASDR07,Khulna,Dhonpara Bazar_32m  Land,600,6.3984,1.0688 ,0.000046,94.5859375,19.39648438,182.3310547,0.303885091
15-Nov-18,NRSDR06,Khulna,Tularampur 32m,225,8,1 ,0.0004,22.41210938,4.649414063,52.1796875,0.231909722
15-Nov-18,NRSDR10,Khulna,Ramchandrapur 32m land,175,8,1 ,0.0004,25.859375,5.416015625,57.71191406,0.329782366
15-Nov-18,SKASN02,Khulna,Assasuni_land_75m,375,10,2 ,0.0004,145.9238281,27.49316406,299.4580078,0.798554688
16-Nov-18,BGMRL06,Khulna,Kailkabari 32m land,250,0,0,0,0,0,299.7333984,1.198933594
16-Nov-18,GGMKS01,Khulna,Banierchar backbone 75m,225,0,0,0,0,0,117.1660156,0.520737847
16-Nov-18,GGMKS02,Khulna,Muksedpur land 55m,220,7,1 ,0.0004,47.23730469,9.930664063,101.4697266,0.46122603
16-Nov-18,GGSDR02,Khulna,Gopalganj Bkb,450,0,0,0,0,0,9.813476563,0.021807726
16-Nov-18,JHHRK01,Khulna,"Kulbaria land, Horinaku",175,8,2 ,0,40.09082031,8.970703125,87.60546875,0.500602679
16-Nov-18,JHKLG05,Khulna,Khorar Bazar 32m Land,400,8,1 ,0.0004,104.2480469,23.03515625,207.40625,0.518515625
16-Nov-18,JSCGH03,Khulna,Porapara Bazar,260,0,0,0,0,0,131.8994141,0.507305439
16-Nov-18,JSKSB05,Khulna,Sagordari 32m land,350,0,0,0,0,0,271.3183594,0.775195313
16-Nov-18,JSSDR10,Khulna,Bashundia bazar land 55,275,9,1 ,0,166.3798828,34.90722656,325.9335938,1.185213068
16-Nov-18,JSSDRT1,Khulna,Jessore,250,0,0,0,0,0,212.1279297,0.848511719
16-Nov-18,KHDMR06,Khulna,Shahapur Land,275,0,0,0,0,0,100.9033203,0.366921165
16-Nov-18,KHPKG01,Khulna,Kapilmuni land 55m,175,11,2 ,0.0004,136.3388672,26.33496094,47.78320313,0.273046875
16-Nov-18,KHRPS01,Khulna,Rupsha,150,0,0,0,0,0,158.9785156,1.059856771
16-Nov-18,MAMDP01,Khulna,Mohammadpur land 55m,185,6,1 ,0,45.28320313,9.477539063,85.84082031,0.464004434
16-Nov-18,MASDR07,Khulna,Dhonpara Bazar_32m  Land,600,0,0,0,0,0,195.578125,0.325963542
16-Nov-18,NRSDR06,Khulna,Tularampur 32m,225,8,1 ,0,22.48632813,4.825195313,52.59277344,0.23374566
16-Nov-18,NRSDR10,Khulna,Ramchandrapur 32m land,175,8,1 ,0.0004,29.29882813,5.907226563,62.56835938,0.357533482
16-Nov-18,SKASN02,Khulna,Assasuni_land_75m,375,10,2 ,0.0004,146.2607422,27.89453125,279.9355469,0.746494792
17-Nov-18,BGMRL06,Khulna,Kailkabari 32m land,250,10.1183,1.6695 ,0,161.2929688,32.86035156,302.4501953,1.209800781
17-Nov-18,GGMKS01,Khulna,Banierchar backbone 75m,225,8.9588,2.0897 ,0.000484,59.5859375,58.51464844,105.3632813,0.46828125
17-Nov-18,GGMKS02,Khulna,Muksedpur land 55m,220,8,3 ,0.0004,50.29589844,10.17675781,104.4472656,0.474760298
17-Nov-18,GGSDR02,Khulna,Gopalganj Bkb,450,9.3131,2.0498 ,0.00045,4.385742188,0.872070313,9.037109375,0.020082465
17-Nov-18,JHHRK01,Khulna,"Kulbaria land, Horinaku",175,8,2 ,0,37.91015625,8.325195313,81.03027344,0.463030134
17-Nov-18,JHKLG05,Khulna,Khorar Bazar 32m Land,400,9,1 ,0.0004,104.1699219,23.61328125,207.3222656,0.518305664
17-Nov-18,JSCGH03,Khulna,Porapara Bazar,260,10.0589,2.0017 ,0.000571,56.8046875,12.18359375,126.9433594,0.48824369
17-Nov-18,JSKSB05,Khulna,Sagordari 32m land,350,10.7234,1.9823 ,0,150.1279297,28.60351563,266.7705078,0.762201451
17-Nov-18,JSSDR10,Khulna,Bashundia bazar land 55,275,9,2 ,0.0004,161.1650391,32.59082031,315.8076172,1.148391335
17-Nov-18,JSSDRT1,Khulna,Jessore,250,11.1538,10.3753 ,0.0004,100.8476563,21.03320313,202.8007813,0.811203125
17-Nov-18,KHDMR06,Khulna,Shahapur Land,275,8.6928,2.2931 ,0.000038,44.70507813,9.182617188,89.6484375,0.325994318
17-Nov-18,KHPKG01,Khulna,Kapilmuni land 55m,175,10,2 ,0,130.0419922,24.14648438,48.91894531,0.27953683
17-Nov-18,KHRPS01,Khulna,Rupsha,150,11.507,10.3157 ,0,99.63085938,22.16210938,159.5019531,1.063346354
17-Nov-18,MAMDP01,Khulna,Mohammadpur land 55m,185,7,1 ,0.0004,42.65039063,9.473632813,85.85839844,0.464099451
17-Nov-18,MASDR07,Khulna,Dhonpara Bazar_32m  Land,600,7.095,1.0112 ,0,95.26464844,20.27148438,223.8613281,0.373102214
17-Nov-18,NRSDR06,Khulna,Tularampur 32m,225,8,1 ,0,21.49609375,4.65625,55.10644531,0.244917535
17-Nov-18,NRSDR10,Khulna,Ramchandrapur 32m land,175,8,1 ,0,29.25,5.858398438,70.69335938,0.403962054
17-Nov-18,SKASN02,Khulna,Assasuni_land_75m,375,10,2 ,0,137.2470703,25.57128906,290.4511719,0.774536458
18-Nov-18,BGMRL06,Khulna,Kailkabari 32m land,250,9.5283,1.6748 ,0.000784,160.4853516,34.11328125,296.7714844,1.187085938
18-Nov-18,GGMKS01,Khulna,Banierchar backbone 75m,225,8.3016,1.8672 ,0.000403,57.08984375,52.82128906,115.3769531,0.512786458
18-Nov-18,GGMKS02,Khulna,Muksedpur land 55m,220,7,1 ,0.0004,46.34082031,9.3515625,93.99121094,0.427232777
18-Nov-18,GGSDR02,Khulna,Gopalganj Bkb,450,8.626,2.0526 ,0.000145,4.86328125,0.9296875,10.60742188,0.023572049
18-Nov-18,JHHRK01,Khulna,"Kulbaria land, Horinaku",175,8,2 ,0.0004,37.52929688,8.650390625,86.58203125,0.494754464
18-Nov-18,JHKLG05,Khulna,Khorar Bazar 32m Land,400,8,1 ,0.0004,104.3867188,23.24511719,230.0068359,0.57501709
18-Nov-18,JSCGH03,Khulna,Porapara Bazar,260,10.0029,1.5724 ,0.000785,51.20507813,12.07324219,115.9384766,0.445917218
18-Nov-18,JSKSB05,Khulna,Sagordari 32m land,350,10.3847,1.5116 ,0,132.2158203,28.43847656,283.9677734,0.811336496
18-Nov-18,JSSDR10,Khulna,Bashundia bazar land 55,275,9,2 ,0,161.2001953,34.27929688,317.2783203,1.153739347
18-Nov-18,JSSDRT1,Khulna,Jessore,250,11.1389,11.2548 ,0,102.0390625,21.15625,203.4169922,0.813667969
18-Nov-18,KHDMR06,Khulna,Shahapur Land,275,8.7941,1.7748 ,0,41.93457031,8.763671875,92.16113281,0.335131392
18-Nov-18,KHPKG01,Khulna,Kapilmuni land 55m,175,10,2 ,0,131.2363281,24.76367188,50.47070313,0.288404018
18-Nov-18,KHRPS01,Khulna,Rupsha,150,12.0688,9.9626 ,0.0004,102.7626953,23.37597656,160.1064453,1.067376302
18-Nov-18,MAMDP01,Khulna,Mohammadpur land 55m,185,6,1 ,0.0004,53.03613281,9.653320313,99.58300781,0.538286529
18-Nov-18,MASDR07,Khulna,Dhonpara Bazar_32m  Land,600,6.4435,1.1409 ,0.000307,88.98730469,20.31738281,199.5341797,0.332556966
18-Nov-18,NRSDR06,Khulna,Tularampur 32m,225,8,1 ,0,21.13574219,4.961914063,51.73925781,0.229952257
18-Nov-18,NRSDR10,Khulna,Ramchandrapur 32m land,175,8,1 ,0,25.62890625,5.661132813,68.87402344,0.393565848
18-Nov-18,SKASN02,Khulna,Assasuni_land_75m,375,10,2 ,0,142.1337891,27.06152344,273.2041016,0.728544271
19-Nov-18,BGMRL06,Khulna,Kailkabari 32m land,250,9.6984,1.6876 ,0.00004,160.0429688,34.34082031,307.9521484,1.231808594
19-Nov-18,GGMKS01,Khulna,Banierchar backbone 75m,225,8.3252,1.6443 ,0.000246,64.03027344,58.96777344,122.4072266,0.544032118
19-Nov-18,GGMKS02,Khulna,Muksedpur land 55m,220,7,2 ,0.0004,44.82519531,10.86035156,94.42871094,0.429221413
19-Nov-18,GGSDR02,Khulna,Gopalganj Bkb,450,8.6045,1.9082 ,0.000374,4.400390625,0.842773438,9.173828125,0.020386285
19-Nov-18,JHHRK01,Khulna,"Kulbaria land, Horinaku",175,8,2 ,0.0004,36.47363281,8.446289063,80.61621094,0.460664063
19-Nov-18,JHKLG05,Khulna,Khorar Bazar 32m Land,400,8,1 ,0.0004,99.19335938,22.90625,206.5136719,0.51628418
19-Nov-18,JSCGH03,Khulna,Porapara Bazar,260,9.9951,1.7703 ,0.000168,51.16894531,11.58886719,113.3222656,0.435854868
19-Nov-18,JSKSB05,Khulna,Sagordari 32m land,350,10.5555,1.7546 ,0,143.6787109,29.33496094,292.6660156,0.836188616
19-Nov-18,JSSDR10,Khulna,Bashundia bazar land 55,275,9,2 ,0.0004,159.8232422,32.92285156,312.5703125,1.136619318
19-Nov-18,JSSDRT1,Khulna,Jessore,250,10.7656,9.9339 ,0,100.7753906,21.33398438,211.9892578,0.847957031
19-Nov-18,KHDMR06,Khulna,Shahapur Land,275,8.867,1.7456 ,0.000036,45.18945313,9.235351563,104.1230469,0.378629261
19-Nov-18,KHPKG01,Khulna,Kapilmuni land 55m,175,11,2 ,0,140.6083984,28.26367188,51.47460938,0.294140625
19-Nov-18,KHRPS01,Khulna,Rupsha,150,11.4026,11.0344 ,0,99.51660156,23.06054688,158.9013672,1.059342448
19-Nov-18,MAMDP01,Khulna,Mohammadpur land 55m,185,6,1 ,0.0004,53.921875,9.301757813,107.2236328,0.579587204
19-Nov-18,MASDR07,Khulna,Dhonpara Bazar_32m  Land,600,6.4399,1.1082 ,0.000218,96.59667969,19.83398438,202.8369141,0.338061523
19-Nov-18,NRSDR06,Khulna,Tularampur 32m,225,8,1 ,0,23.34179688,5.061523438,57.9765625,0.257673611
19-Nov-18,NRSDR10,Khulna,Ramchandrapur 32m land,175,8,1 ,0,25.52734375,5.442382813,57.85253906,0.330585938
19-Nov-18,SKASN02,Khulna,Assasuni_land_75m,375,10,2 ,0,144.4726563,28.03710938,288.3271484,0.768872396
20-Nov-18,BGMRL06,Khulna,Kailkabari 32m land,250,9.6708,1.7132 ,0.000083,163.2734375,34.27441406,313.0820313,1.252328125
20-Nov-18,GGMKS01,Khulna,Banierchar backbone 75m,225,7.7446,2.0609 ,0,63.10351563,61.26757813,128.6181641,0.571636285
20-Nov-18,GGMKS02,Khulna,Muksedpur land 55m,220,7,1 ,0.0004,51.859375,11.47558594,107.4160156,0.488254616
20-Nov-18,GGSDR02,Khulna,Gopalganj Bkb,450,8.4311,2.0174 ,0.00004,5.170898438,1.03125,10.29980469,0.022888455
20-Nov-18,JHHRK01,Khulna,"Kulbaria land, Horinaku",175,8,2 ,0.0004,37.671875,8.750976563,86.23730469,0.492784598
20-Nov-18,JHKLG05,Khulna,Khorar Bazar 32m Land,400,8,1 ,0.0004,102.1445313,22.28808594,217.9335938,0.544833984
20-Nov-18,JSCGH03,Khulna,Porapara Bazar,260,10.111,2.0948 ,0.000458,60.45800781,12.08789063,127.3173828,0.489682242
20-Nov-18,JSKSB05,Khulna,Sagordari 32m land,350,10.4864,1.6133 ,0,160.359375,28.49609375,271.7978516,0.77656529
20-Nov-18,JSSDR10,Khulna,Bashundia bazar land 55,275,9,1 ,0,172.7568359,36.01660156,328.9228516,1.196083097
20-Nov-18,JSSDRT1,Khulna,Jessore,250,11.221,8.7756 ,0.0004,104.9990234,22.27050781,221.1914063,0.884765625
20-Nov-18,KHDMR06,Khulna,Shahapur Land,275,8.8276,1.8786 ,0.000106,44.171875,9.107421875,114.0976563,0.414900568
20-Nov-18,KHPKG01,Khulna,Kapilmuni land 55m,175,10,2 ,0,141.71875,29.84765625,49.99121094,0.285664063
20-Nov-18,KHRPS01,Khulna,Rupsha,150,11.6183,8.2764 ,0.0004,106.1298828,23.20214844,202.9316406,1.352877604
20-Nov-18,MAMDP01,Khulna,Mohammadpur land 55m,185,6,1 ,0,50.39550781,9.684570313,97.01171875,0.524387669
20-Nov-18,MASDR07,Khulna,Dhonpara Bazar_32m  Land,600,6.3946,1.1283 ,0,98.92089844,20.06445313,207.0058594,0.345009766
20-Nov-18,NRSDR06,Khulna,Tularampur 32m,225,8,1 ,0.0004,23.20214844,5.16015625,52.25683594,0.232252604
20-Nov-18,NRSDR10,Khulna,Ramchandrapur 32m land,175,7,1 ,0.0004,27.90625,5.634765625,74.07714844,0.423297991
20-Nov-18,SKASN02,Khulna,Assasuni_land_75m,375,10,2 ,0,148.2949219,28.20507813,279.9804688,0.746614583
21-Nov-18,BGMRL06,Khulna,Kailkabari 32m land,250,9.5073,1.6758 ,0.000041,169.3955078,35.17089844,321.9677734,1.287871094
21-Nov-18,GGMKS01,Khulna,Banierchar backbone 75m,225,7.8653,1.9257 ,0.000052,60.52832031,60.4609375,116.4550781,0.517578125
21-Nov-18,GGMKS02,Khulna,Muksedpur land 55m,220,7,3 ,0,52.03222656,10.69238281,98.39550781,0.447252308
21-Nov-18,GGSDR02,Khulna,Gopalganj Bkb,450,8.802,1.7435 ,0,4.880859375,0.962890625,8.748046875,0.019440104
21-Nov-18,JHHRK01,Khulna,"Kulbaria land, Horinaku",175,8,2 ,0,40.45605469,8.787109375,99.38964844,0.567940848
21-Nov-18,JHKLG05,Khulna,Khorar Bazar 32m Land,400,8,1 ,0.0004,106.8212891,23.9921875,225.1787109,0.562946777
21-Nov-18,JSCGH03,Khulna,Porapara Bazar,260,10.2127,1.6200 ,0.000332,62.78613281,10.62402344,141.8886719,0.545725661
21-Nov-18,JSKSB05,Khulna,Sagordari 32m land,350,10.5662,1.6199 ,0,153.8652344,29.34082031,270.4609375,0.772745536
21-Nov-18,JSSDR10,Khulna,Bashundia bazar land 55,275,10,2 ,0,174.5625,35.77148438,336.3535156,1.223103693
21-Nov-18,JSSDRT1,Khulna,Jessore,250,10.1382,10.1590 ,0,111.0615234,22.37597656,218.5732422,0.874292969
21-Nov-18,KHDMR06,Khulna,Shahapur Land,275,8.7854,1.9234 ,0,50.09863281,9.564453125,118.8378906,0.432137784
21-Nov-18,KHPKG01,Khulna,Kapilmuni land 55m,175,11,2 ,0,140.1191406,27.5546875,51.85351563,0.296305804
21-Nov-18,KHRPS01,Khulna,Rupsha,150,11.6835,8.9907 ,0.0004,106.4296875,22.96875,204.0488281,1.360325521
21-Nov-18,MAMDP01,Khulna,Mohammadpur land 55m,185,6,1 ,0.0004,46.51171875,9.514648438,97.47851563,0.526910895
21-Nov-18,MASDR07,Khulna,Dhonpara Bazar_32m  Land,600,6.5338,1.0082 ,0,99.93164063,20.20800781,240.4707031,0.400784505
21-Nov-18,NRSDR06,Khulna,Tularampur 32m,225,8,1 ,0.0004,22.625,4.86328125,50.9453125,0.226423611
21-Nov-18,NRSDR10,Khulna,Ramchandrapur 32m land,175,7,1 ,0.0004,26.43847656,5.795898438,58.54785156,0.334559152
21-Nov-18,SKASN02,Khulna,Assasuni_land_75m,375,10,2 ,0,145.9130859,28.72558594,290.2558594,0.774015625
22-Nov-18,BGMRL06,Khulna,Kailkabari 32m land,250,9.4884,1.4131 ,0,169.6865234,34.91210938,312.7763672,1.251105469
22-Nov-18,GGMKS01,Khulna,Banierchar backbone 75m,225,8.37,1.9681 ,0.000096,64.8203125,64.41894531,122.3505859,0.543780382
22-Nov-18,GGMKS02,Khulna,Muksedpur land 55m,220,7,2 ,0,52.31445313,9.502929688,109.8662109,0.499391868
22-Nov-18,GGSDR02,Khulna,Gopalganj Bkb,450,8.8972,1.8122 ,0.000266,5.177734375,0.91015625,10.78027344,0.023956163
22-Nov-18,JHHRK01,Khulna,"Kulbaria land, Horinaku",175,8,2 ,0,40.59179688,8.98046875,87.27734375,0.498727679
22-Nov-18,JHKLG05,Khulna,Khorar Bazar 32m Land,400,9,1 ,0.0004,104.2226563,23.47265625,219.8945313,0.549736328
22-Nov-18,JSCGH03,Khulna,Porapara Bazar,260,10.0463,1.7218 ,0.000035,57.81738281,13.0390625,131.328125,0.505108173
22-Nov-18,JSKSB05,Khulna,Sagordari 32m land,350,10.5735,1.8085 ,0.000072,148.4599609,28.81542969,282.1240234,0.806068638
22-Nov-18,JSSDR10,Khulna,Bashundia bazar land 55,275,9,2 ,0,168.9667969,36.66113281,342.3457031,1.244893466
22-Nov-18,JSSDRT1,Khulna,Jessore,250,11.1103,10.2535 ,0,109.9091797,22.21386719,225.7480469,0.902992188
22-Nov-18,KHDMR06,Khulna,Shahapur Land,275,8.853,1.7641 ,0.000035,49.48046875,9.981445313,109.6923828,0.398881392
22-Nov-18,KHPKG01,Khulna,Kapilmuni land 55m,175,11,2 ,0,133.1650391,26.79589844,52.29492188,0.298828125
22-Nov-18,KHRPS01,Khulna,Rupsha,150,11.1112,9.8946 ,0,107.546875,23.109375,236.3916016,1.57594401
22-Nov-18,MAMDP01,Khulna,Mohammadpur land 55m,185,7,1 ,0.0004,56.20703125,8.259765625,101.4248047,0.548242188
22-Nov-18,MASDR07,Khulna,Dhonpara Bazar_32m  Land,600,6.9308,1.1507 ,0.000036,97.97363281,20.33984375,229.4658203,0.382443034
22-Nov-18,NRSDR06,Khulna,Tularampur 32m,225,8,1 ,0.0004,21.0703125,4.935546875,57.04199219,0.253519965
22-Nov-18,NRSDR10,Khulna,Ramchandrapur 32m land,175,7,1 ,0.0004,27.45410156,5.608398438,61.07714844,0.349012277
22-Nov-18,SKASN02,Khulna,Assasuni_land_75m,375,10,2 ,0.0004,148.7294922,29.43652344,284.2978516,0.758127604
23-Nov-18,BGMRL06,Khulna,Kailkabari 32m land,250,8.9968,1.8632 ,0.00041,159.4355469,33.93261719,302.5742188,1.210296875
23-Nov-18,GGMKS01,Khulna,Banierchar backbone 75m,225,6.8693,1.7757 ,0.000285,66.62304688,66.46582031,126.0205078,0.560091146
23-Nov-18,GGMKS02,Khulna,Muksedpur land 55m,220,6,2 ,0,53.76855469,13.6796875,107.9501953,0.490682706
23-Nov-18,GGSDR02,Khulna,Gopalganj Bkb,450,7.4461,1.5144 ,0.000076,4.307617188,0.795898438,8.220703125,0.018268229
23-Nov-18,JHHRK01,Khulna,"Kulbaria land, Horinaku",175,7,2 ,0.0004,41.66601563,9.284179688,99.01367188,0.565792411
23-Nov-18,JHKLG05,Khulna,Khorar Bazar 32m Land,400,7,1 ,0.0004,109.6347656,25.72558594,220.1083984,0.550270996
23-Nov-18,JSCGH03,Khulna,Porapara Bazar,260,8.8416,1.9351 ,0.001148,57.6171875,13.10058594,141.6494141,0.544805439
23-Nov-18,JSKSB05,Khulna,Sagordari 32m land,350,9.6349,1.7649 ,0.000522,156.7822266,31.19433594,303.7128906,0.867751116
23-Nov-18,JSSDR10,Khulna,Bashundia bazar land 55,275,9,2 ,0.0004,170.2871094,36.30273438,326.8525391,1.188554688
23-Nov-18,JSSDRT1,Khulna,Jessore,250,9.5441,10.4379 ,0.0004,114.8466797,23.20996094,227.1318359,0.908527344
23-Nov-18,KHDMR06,Khulna,Shahapur Land,275,8.2232,1.5603 ,0.000476,54.81933594,10.14941406,122.5605469,0.445674716
23-Nov-18,KHPKG01,Khulna,Kapilmuni land 55m,175,10,2 ,0.0004,137.0644531,26.67480469,52.88378906,0.30219308
23-Nov-18,KHRPS01,Khulna,Rupsha,150,10.2006,10.1005 ,0.0004,111.7568359,24.65332031,209.8154297,1.398769531
23-Nov-18,MAMDP01,Khulna,Mohammadpur land 55m,185,5,1 ,0.0004,51.23144531,11.47753906,102.6826172,0.555041174
23-Nov-18,MASDR07,Khulna,Dhonpara Bazar_32m  Land,600,5.1102,1.1652 ,0,107.6425781,21.12988281,225.8701172,0.376450195
23-Nov-18,NRSDR06,Khulna,Tularampur 32m,225,7,1 ,0.0004,23.92089844,4.801757813,50.36230469,0.223832465
23-Nov-18,NRSDR10,Khulna,Ramchandrapur 32m land,175,7,1 ,0.0004,31.35253906,6.404296875,66.34472656,0.379112723
23-Nov-18,SKASN02,Khulna,Assasuni_land_75m,375,9,1 ,0.0004,154.3427734,30.48828125,299.8027344,0.799473958
24-Nov-18,BGMRL06,Khulna,Kailkabari 32m land,250,9.3756,1.8575 ,0.007671,154.71875,32.3515625,314.8779297,1.259511719
24-Nov-18,GGMKS01,Khulna,Banierchar backbone 75m,225,8.4545,1.7619 ,0,63.73242188,63.72851563,116.6328125,0.518368056
24-Nov-18,GGMKS02,Khulna,Muksedpur land 55m,220,7,2 ,0,52.1171875,11.03320313,101.4199219,0.460999645
24-Nov-18,GGSDR02,Khulna,Gopalganj Bkb,450,9.0403,1.7875 ,0,4.391601563,0.854492188,8.299804688,0.01844401
24-Nov-18,JHHRK01,Khulna,"Kulbaria land, Horinaku",175,8,2 ,0,39.4921875,8.762695313,93.24707031,0.532840402
24-Nov-18,JHKLG05,Khulna,Khorar Bazar 32m Land,400,8,1 ,0.0004,105.9365234,23.84179688,214.5078125,0.536269531
24-Nov-18,JSCGH03,Khulna,Porapara Bazar,260,9.5851,1.4604 ,0.000069,56.51464844,12.15039063,143.6816406,0.552621695
24-Nov-18,JSKSB05,Khulna,Sagordari 32m land,350,9.8944,1.9765 ,0.007121,150.0068359,29.72363281,277.4599609,0.792742746
24-Nov-18,JSSDR10,Khulna,Bashundia bazar land 55,275,9,2 ,0.0004,168.4433594,35.59277344,314.6191406,1.144069602
24-Nov-18,JSSDRT1,Khulna,Jessore,250,10.5887,10.1952 ,0,111.6474609,22.30273438,250.4121094,1.001648438
24-Nov-18,KHDMR06,Khulna,Shahapur Land,275,8.7721,1.8023 ,0.006648,49.12890625,9.545898438,112.7958984,0.410166903
24-Nov-18,KHPKG01,Khulna,Kapilmuni land 55m,175,10,1 ,0,130.6748047,26.21679688,47.33984375,0.270513393
24-Nov-18,KHRPS01,Khulna,Rupsha,150,10.8108,9.1249 ,0.01,109.4160156,23.57714844,208.3232422,1.388821615
24-Nov-18,MAMDP01,Khulna,Mohammadpur land 55m,185,6,1 ,0,51.546875,10.0078125,93.08984375,0.503188345
24-Nov-18,MASDR07,Khulna,Dhonpara Bazar_32m  Land,600,6.1312,1.0472 ,0,96.93554688,19.99511719,209.34375,0.34890625
24-Nov-18,NRSDR06,Khulna,Tularampur 32m,225,8,1 ,0,22.37011719,4.80078125,44.71191406,0.198719618
24-Nov-18,NRSDR10,Khulna,Ramchandrapur 32m land,175,8,1 ,0.0004,28.25,5.877929688,69.37695313,0.396439732
24-Nov-18,SKASN02,Khulna,Assasuni_land_75m,375,10,2 ,0.0004,150.7148438,29.65234375,288.8242188,0.770197917
25-Nov-18,BGMRL06,Khulna,Kailkabari 32m land,250,8.1252,1.7453 ,0.000036,166.4960938,35.50390625,321.9501953,1.287800781
25-Nov-18,GGMKS01,Khulna,Banierchar backbone 75m,225,7.0122,2.0544 ,0,63.47070313,63.45996094,124.0390625,0.551284722
25-Nov-18,GGMKS02,Khulna,Muksedpur land 55m,220,6,2 ,0.0004,53.46875,10.6015625,105.0576172,0.477534624
25-Nov-18,GGSDR02,Khulna,Gopalganj Bkb,450,7.576,1.7047 ,0.000035,5.09375,0.935546875,9.6171875,0.021371528
25-Nov-18,JHHRK01,Khulna,"Kulbaria land, Horinaku",175,7,2 ,0.0004,39.14648438,9.08984375,88.13476563,0.503627232
25-Nov-18,JHKLG05,Khulna,Khorar Bazar 32m Land,400,7,1 ,0.0004,106.328125,24.05761719,218.4072266,0.546018066
25-Nov-18,JSCGH03,Khulna,Porapara Bazar,260,8.7569,1.6292 ,0.00197,56.95019531,12.76269531,119.6484375,0.460186298
25-Nov-18,JSKSB05,Khulna,Sagordari 32m land,350,9.574,1.5852 ,0.002137,150.4804688,31.01074219,286.4023438,0.818292411
25-Nov-18,JSSDR10,Khulna,Bashundia bazar land 55,275,8,2 ,0.0004,168.6425781,35.52832031,347.6318359,1.264115767
25-Nov-18,JSSDRT1,Khulna,Jessore,250,9.435,9.3673 ,0.0004,118.7285156,24.17773438,261.46875,1.045875
25-Nov-18,KHDMR06,Khulna,Shahapur Land,275,8.1407,2.0102 ,0.001105,47.1953125,9.700195313,99.82324219,0.362993608
25-Nov-18,KHPKG01,Khulna,Kapilmuni land 55m,175,10,2 ,0.0004,142.3720703,27.73144531,51.47265625,0.294129464
25-Nov-18,KHRPS01,Khulna,Rupsha,150,10.1892,10.2396 ,0.0004,107.2216797,23.75195313,194.5380859,1.296920573
25-Nov-18,MAMDP01,Khulna,Mohammadpur land 55m,185,5,1 ,0,50.06738281,9.653320313,105.984375,0.572888514
25-Nov-18,MASDR07,Khulna,Dhonpara Bazar_32m  Land,600,5.0972,0.9917 ,0,98.96875,20.23925781,219.2548828,0.365424805
25-Nov-18,NRSDR06,Khulna,Tularampur 32m,225,7,1 ,0.0004,22.03125,4.911132813,51.41503906,0.228511285
25-Nov-18,NRSDR10,Khulna,Ramchandrapur 32m land,175,7,1 ,0.0004,29.18847656,6.140625,56.34375,0.321964286
25-Nov-18,SKASN02,Khulna,Assasuni_land_75m,375,9,2 ,0.0004,152.9716797,30.9296875,323.2333984,0.861955729
26-Nov-18,BGMRL06,Khulna,Kailkabari 32m land,250,0,0,0,0,0,324.9521484,1.299808594
26-Nov-18,GGMKS01,Khulna,Banierchar backbone 75m,225,0,0,0,0,0,123.0410156,0.546848958
26-Nov-18,GGMKS02,Khulna,Muksedpur land 55m,220,10,2 ,0,52.02441406,0.0703125,107.7890625,0.489950284
26-Nov-18,GGSDR02,Khulna,Gopalganj Bkb,450,0,0,0,0,0,10.73046875,0.023845486
26-Nov-18,JHHRK01,Khulna,"Kulbaria land, Horinaku",175,8,2 ,0,40.26464844,2.408203125,87.90332031,0.502304688
26-Nov-18,JHKLG05,Khulna,Khorar Bazar 32m Land,400,8,1 ,0.0004,107.4501953,8.80859375,225.6943359,0.56423584
26-Nov-18,JSCGH03,Khulna,Porapara Bazar,260,0,0,0,0,0,120.6191406,0.463919772
26-Nov-18,JSKSB05,Khulna,Sagordari 32m land,350,0,0,0,0,0,274.6855469,0.784815848
26-Nov-18,JSSDR10,Khulna,Bashundia bazar land 55,275,9,2 ,0,174.5507813,0.728515625,332.9316406,1.210660511
26-Nov-18,JSSDRT1,Khulna,Jessore,250,0,0,0,0,0,256.1582031,1.024632813
26-Nov-18,KHDMR06,Khulna,Shahapur Land,275,0,0,0,0,0,109.0302734,0.396473722
26-Nov-18,KHPKG01,Khulna,Kapilmuni land 55m,175,10,1 ,0,26.5703125,17.00390625,51.73339844,0.29561942
26-Nov-18,KHRPS01,Khulna,Rupsha,150,0,0,0,0,0,206.6396484,1.377597656
26-Nov-18,MAMDP01,Khulna,Mohammadpur land 55m,185,8,1 ,0,50.54589844,0.029296875,105.3007813,0.569193412
26-Nov-18,MASDR07,Khulna,Dhonpara Bazar_32m  Land,600,0,0,0,0,0,208.9013672,0.348168945
26-Nov-18,NRSDR06,Khulna,Tularampur 32m,225,8,1 ,0,25.33105469,4.119140625,55.64257813,0.247300347
26-Nov-18,NRSDR10,Khulna,Ramchandrapur 32m land,175,8,1 ,0.0004,26.99804688,5.057617188,70.03320313,0.400189732
26-Nov-18,SKASN02,Khulna,Assasuni_land_75m,375,10,2 ,0,149.0771484,0.01953125,322.1464844,0.859057292
27-Nov-18,BGMRL06,Khulna,Kailkabari 32m land,250,9.7173,1.6340 ,0,168.6748047,34.52929688,325.390625,1.3015625
27-Nov-18,GGMKS01,Khulna,Banierchar backbone 75m,225,8.459,1.9501 ,0,66.41503906,66.41308594,133.1181641,0.591636285
27-Nov-18,GGMKS02,Khulna,Muksedpur land 55m,220,7,2 ,0,51.86035156,10.54980469,99.77539063,0.453524503
27-Nov-18,GGSDR02,Khulna,Gopalganj Bkb,450,9.1618,1.6300 ,0,5.131835938,1.016601563,10.22851563,0.022730035
27-Nov-18,JHHRK01,Khulna,"Kulbaria land, Horinaku",175,8,2 ,0.0004,41.88867188,9.002929688,97.25585938,0.555747768
27-Nov-18,JHKLG05,Khulna,Khorar Bazar 32m Land,400,8,1 ,0.0004,107.0048828,23.2734375,242.7041016,0.606760254
27-Nov-18,JSCGH03,Khulna,Porapara Bazar,260,9.53,1.6916 ,0.000378,55.11914063,11.671875,134.8017578,0.518468299
27-Nov-18,JSKSB05,Khulna,Sagordari 32m land,350,10.3117,1.6194 ,0,151.8857422,29.04589844,299.9833984,0.857095424
27-Nov-18,JSSDR10,Khulna,Bashundia bazar land 55,275,9,2 ,0,174.4765625,36.09667969,330.7753906,1.202819602
27-Nov-18,JSSDRT1,Khulna,Jessore,250,10.5544,9.8466 ,0.0004,100.3388672,19.85058594,184.2236328,0.736894531
27-Nov-18,KHDMR06,Khulna,Shahapur Land,275,8.7309,1.6076 ,0,49.25,9.67578125,108.0869141,0.393043324
27-Nov-18,KHPKG01,Khulna,Kapilmuni land 55m,175,10,2 ,0.0004,142.1552734,26.71679688,49.0703125,0.280401786
27-Nov-18,KHRPS01,Khulna,Rupsha,150,10.6253,9.9728 ,0.0004,109.8330078,23.40917969,211.3144531,1.408763021
27-Nov-18,MAMDP01,Khulna,Mohammadpur land 55m,185,6,1 ,0,51.04394531,9.821289063,104.7294922,0.566105363
27-Nov-18,MASDR07,Khulna,Dhonpara Bazar_32m  Land,600,6.0531,0.9833 ,0.000017,96.04296875,20.10253906,221.6611328,0.369435221
27-Nov-18,NRSDR06,Khulna,Tularampur 32m,225,7,1 ,0,24.96191406,5.22265625,52.94824219,0.235325521
27-Nov-18,NRSDR10,Khulna,Ramchandrapur 32m land,175,8,1 ,0.0004,28.12011719,5.888671875,62.88574219,0.359347098
27-Nov-18,SKASN02,Khulna,Assasuni_land_75m,375,9,2 ,0.0004,154.4824219,28.82421875,312.9482422,0.834528646
28-Nov-18,BGMRL06,Khulna,Kailkabari 32m land,250,9.7228,1.7109 ,0,166.4033203,34.25976563,316.3710938,1.265484375
28-Nov-18,GGMKS01,Khulna,Banierchar backbone 75m,225,10.1452,2.0022 ,0,66.28515625,66.09570313,138.1552734,0.614023438
28-Nov-18,GGMKS02,Khulna,Muksedpur land 55m,220,9,2 ,0,51.81152344,10.734375,111.4267578,0.506485263
28-Nov-18,GGSDR02,Khulna,Gopalganj Bkb,450,11.0021,1.7450 ,0,4.973632813,0.76171875,11.24707031,0.02499349
28-Nov-18,JHHRK01,Khulna,"Kulbaria land, Horinaku",175,9,2 ,0.0004,42.88183594,9.185546875,99.72167969,0.56983817
28-Nov-18,JHKLG05,Khulna,Khorar Bazar 32m Land,400,8,1 ,0.0004,111.6308594,24.54492188,234.8740234,0.587185059
28-Nov-18,JSCGH03,Khulna,Porapara Bazar,260,9.7503,2.1576 ,0.000079,58.89257813,12.17871094,127.4277344,0.490106671
28-Nov-18,JSKSB05,Khulna,Sagordari 32m land,350,10.2587,1.5967 ,0.000019,152.9140625,29.3125,294.2304688,0.840658482
28-Nov-18,JSSDR10,Khulna,Bashundia bazar land 55,275,9,2 ,0,171.7197266,35.53808594,343.7617188,1.250042614
28-Nov-18,JSSDRT1,Khulna,Jessore,250,11.334,10.4777 ,0.0004,90.34375,17.87402344,202.7353516,0.810941406
28-Nov-18,KHDMR06,Khulna,Shahapur Land,275,8.8448,1.7877 ,0.000017,49.75683594,9.79296875,128.7841797,0.468306108
28-Nov-18,KHPKG01,Khulna,Kapilmuni land 55m,175,10,2 ,0.0004,138.5556641,26.33496094,49.13085938,0.280747768
28-Nov-18,KHRPS01,Khulna,Rupsha,150,11.1426,9.9510 ,0,105.5898438,22.89746094,207.7080078,1.384720052
28-Nov-18,MAMDP01,Khulna,Mohammadpur land 55m,185,7,1 ,0.0004,54.93066406,10.42382813,122.2480469,0.660800253
28-Nov-18,MASDR07,Khulna,Dhonpara Bazar_32m  Land,600,7.109,1.0798 ,0.00014,97.47070313,19.82421875,222.4277344,0.370712891
28-Nov-18,NRSDR06,Khulna,Tularampur 32m,225,8,1 ,0,24.91503906,5.1015625,53.40722656,0.237365451
28-Nov-18,NRSDR10,Khulna,Ramchandrapur 32m land,175,8,1 ,0.0004,27.30078125,5.9375,66.32226563,0.378984375
28-Nov-18,SKASN02,Khulna,Assasuni_land_75m,375,10,2 ,0.0004,153.5400391,28.45703125,315.8994141,0.842398438
29-Nov-18,BGMRL06,Khulna,Kailkabari 32m land,250,9.7228,1.7109 ,0,166.4033203,34.25976563,316.3710938,1.265484375
29-Nov-18,GGMKS01,Khulna,Banierchar backbone 75m,225,10.1452,2.0022 ,0,66.28515625,66.09570313,138.1552734,0.614023438
29-Nov-18,GGMKS02,Khulna,Muksedpur land 55m,220,9,2 ,0,51.81152344,10.734375,111.4267578,0.506485263
29-Nov-18,GGSDR02,Khulna,Gopalganj Bkb,450,11.0021,1.7450 ,0,4.973632813,0.76171875,11.24707031,0.02499349
29-Nov-18,JHHRK01,Khulna,"Kulbaria land, Horinaku",175,9,2 ,0.0004,42.88183594,9.185546875,99.72167969,0.56983817
29-Nov-18,JHKLG05,Khulna,Khorar Bazar 32m Land,400,8,1 ,0.0004,111.6308594,24.54492188,234.8740234,0.587185059
29-Nov-18,JSCGH03,Khulna,Porapara Bazar,260,9.7503,2.1576 ,0.000079,58.89257813,12.17871094,127.4277344,0.490106671
29-Nov-18,JSKSB05,Khulna,Sagordari 32m land,350,10.2587,1.5967 ,0.000019,152.9140625,29.3125,294.2304688,0.840658482
29-Nov-18,JSSDR10,Khulna,Bashundia bazar land 55,275,9,2 ,0,171.7197266,35.53808594,343.7617188,1.250042614
29-Nov-18,JSSDRT1,Khulna,Jessore,250,11.334,10.4777 ,0.0004,90.34375,17.87402344,202.7353516,0.810941406
29-Nov-18,KHDMR06,Khulna,Shahapur Land,275,8.8448,1.7877 ,0.000017,49.75683594,9.79296875,128.7841797,0.468306108
29-Nov-18,KHPKG01,Khulna,Kapilmuni land 55m,175,10,2 ,0.0004,138.5556641,26.33496094,49.13085938,0.280747768
29-Nov-18,KHRPS01,Khulna,Rupsha,150,11.1426,9.9510 ,0,105.5898438,22.89746094,207.7080078,1.384720052
29-Nov-18,MAMDP01,Khulna,Mohammadpur land 55m,185,7,1 ,0.0004,54.93066406,10.42382813,122.2480469,0.660800253
29-Nov-18,MASDR07,Khulna,Dhonpara Bazar_32m  Land,600,7.109,1.0798 ,0.00014,97.47070313,19.82421875,222.4277344,0.370712891
29-Nov-18,NRSDR06,Khulna,Tularampur 32m,225,8,1 ,0,24.91503906,5.1015625,53.40722656,0.237365451
29-Nov-18,NRSDR10,Khulna,Ramchandrapur 32m land,175,8,1 ,0.0004,27.30078125,5.9375,66.32226563,0.378984375
29-Nov-18,SKASN02,Khulna,Assasuni_land_75m,375,10,2 ,0.0004,153.5400391,28.45703125,315.8994141,0.842398438
30-Nov-18,BGMRL06,Khulna,Kailkabari 32m land,250,9.6402,1.6567 ,0,176.0537109,36.03710938,321.3134766,1.285253906
30-Nov-18,GGMKS01,Khulna,Banierchar backbone 75m,225,9.701,1.9194 ,0,66.04589844,65.73046875,116.8388672,0.519283854
30-Nov-18,GGMKS02,Khulna,Muksedpur land 55m,220,9,2 ,0,56.05175781,12.03125,108.1796875,0.491725852
30-Nov-18,GGSDR02,Khulna,Gopalganj Bkb,450,10.5319,1.6350 ,0,5.485351563,0.80078125,9.854492188,0.021898872
30-Nov-18,JHHRK01,Khulna,"Kulbaria land, Horinaku",175,9,2 ,0.0004,42.04296875,9.452148438,110.09375,0.629107143
30-Nov-18,JHKLG05,Khulna,Khorar Bazar 32m Land,400,8,1 ,0.0004,117.7441406,25.12109375,244.2666016,0.610666504
30-Nov-18,JSCGH03,Khulna,Porapara Bazar,260,9.9889,1.8293 ,0.000767,58.93261719,12.41210938,135.4404297,0.52092473
30-Nov-18,JSKSB05,Khulna,Sagordari 32m land,350,10.5451,1.5288 ,0.000019,156.4736328,29.41796875,305.7353516,0.873529576
30-Nov-18,JSSDR10,Khulna,Bashundia bazar land 55,275,9,2 ,0,185.3251953,38.36523438,341.4248047,1.241544744
30-Nov-18,JSSDRT1,Khulna,Jessore,250,10.324,10.0026 ,0,98.87695313,19.46972656,197.1308594,0.788523438
30-Nov-18,KHDMR06,Khulna,Shahapur Land,275,8.9583,1.7886 ,0,52.89355469,10.13378906,136.1894531,0.495234375
30-Nov-18,KHPKG01,Khulna,Kapilmuni land 55m,175,10,2 ,0,148.4414063,27.85839844,52.78320313,0.301618304
30-Nov-18,KHRPS01,Khulna,Rupsha,150,11.0164,10.8174 ,0.0004,116.8310547,24.82324219,224.5107422,1.496738281
30-Nov-18,MAMDP01,Khulna,Mohammadpur land 55m,185,6,1 ,0,51.3203125,9.959960938,111.8710938,0.604708615
30-Nov-18,MASDR07,Khulna,Dhonpara Bazar_32m  Land,600,6.5882,1.0789 ,0,98.95214844,19.74121094,240.6279297,0.401046549
30-Nov-18,NRSDR06,Khulna,Tularampur 32m,225,8,1 ,0,25.57519531,5.36328125,58.0390625,0.257951389
30-Nov-18,NRSDR10,Khulna,Ramchandrapur 32m land,175,8,1 ,0.0004,30.35839844,6.435546875,59.80566406,0.341746652
30-Nov-18,SKASN02,Khulna,Assasuni_land_75m,375,10,2 ,0,165.0332031,30.59667969,313.1806641,0.835148438
